"#","Player","Pos","Team","1","2","3","4","5","6","7","8","9","10","11","12","13","14","15","16","17","18","AVG","TTL"
"1","Christian McCaffrey","RB","SF","23.2","22.7","24","26.1","27.9","24.1","39.1","9.8","34.3","17.6","35.1","27.2","17.4","","","","","","25.3","328.5"
"2","Jonathan Taylor","RB","IND","12.8","29.5","32.8","14.6","31.6","23.7","34.2","37.4","7.7","49.6","BYE","8.6","15.1","","","","","","24.8","297.6"
"3","Josh Allen","QB","BUF","38.8","11.8","23","25.9","20.4","17.4","BYE","23.2","28.8","20.3","44.7","10.1","17.7","","","","","","23.5","282.2"
"4","Patrick Mahomes II","QB","KC","26","23.1","13.2","27.3","27.7","31.5","26.2","25","11.5","BYE","14.3","18.1","29.4","","","","","","22.8","273.3"
"5","Jahmyr Gibbs","RB","DET","15","19.4","26.9","17.7","16.7","7.5","36.8","BYE","5.8","38.2","19.6","55.4","11.6","","","","","","22.6","270.6"
"6","Drake Maye","QB","NE","16.8","26.3","20.2","23.2","12.1","27.2","23.1","27.3","17.4","19.1","15.4","17","20.5","","","","","","20.4","265.6"
"7","Jaxon Smith-Njigba","WR","SEA","19.4","18.3","20.6","13","27.2","30.2","26.3","BYE","22","20.3","20.6","37.1","4.3","","","","","","21.6","259.3"
"8","Bijan Robinson","RB","ATL","24.4","19.8","16.1","28.1","BYE","35.8","21.2","5.8","17.6","10.8","30.3","14.7","30.3","","","","","","21.2","254.9"
"9","De'Von Achane","RB","MIA","16.5","26.2","16.1","17.1","16.6","31","12.8","20.1","16.6","40.5","21.5","BYE","19.4","","","","","","21.2","254.4"
"10","Jalen Hurts","QB","PHI","24.3","11.5","29","19.4","19.5","21.6","24","25.4","BYE","12","14.5","30.9","17.3","","","","","","20.8","249.5"
"11","Dak Prescott","QB","DAL","7.8","23.1","14","31","28.3","22.3","23.3","8.6","16.4","BYE","24.3","28.1","21.6","","","","","","20.7","248.8"
"12","Matthew Stafford","QB","LAR","13.6","18.3","14.8","27.4","25.6","9.3","27.4","BYE","26.8","26.9","13.2","22.9","13.6","","","","","","20","239.9"
"13","George Pickens","WR","DAL","6","17.8","17.8","33.4","13.7","31.8","12.2","14.8","13.9","BYE","29.4","29.6","16.8","","","","","","19.8","237.2"
"14","Daniel Jones","QB","IND","29.5","22.8","15.8","12.4","16.7","23.5","22.2","23.2","17.1","16.5","BYE","16.8","16.1","","","","","","19.4","232.6"
"15","Justin Herbert","QB","LAC","27.9","18.8","15.6","14.5","15.6","18.8","29.9","26.3","28.7","14.7","4.3","BYE","13.8","","","","","","19.1","229"
"16","Caleb Williams","QB","CHI","24.2","18","29.1","12.8","BYE","19.9","5.7","12.8","38.7","25.1","10.3","21.7","10.5","","","","","","19.1","228.7"
"17","Trey McBride","TE","ARI","12.1","13.8","15.3","12.2","9.1","21.2","29.4","BYE","16.5","27.7","27.5","16.9","22.2","","","","","","18.7","223.9"
"18","Bo Nix","QB","DEN","8.8","21.2","13.4","26.7","17.9","13.4","40","24.8","19.5","7.8","12.6","BYE","17.4","","","","","","18.6","223.6"
"19","James Cook III","RB","BUF","21.2","26.5","20.8","22.5","4.9","8.7","BYE","33.6","13.5","10.7","20.4","21.9","18.7","","","","","","18.6","223.4"
"20","Puka Nacua","WR","LAR","23.1","27.6","22.8","36","24.5","4.8","-","BYE","22.8","17.4","14.3","16.7","13.2","","","","","","20.3","223.2"
"21","Amon-Ra St. Brown","WR","DET","8.5","39.2","20.7","26","18","13.7","20.6","BYE","18.7","16.8","6.2","29.9","0","","","","","","18.2","218.3"
"22","Jared Goff","QB","DET","11.9","34","12.7","13.7","20.1","16.8","11.3","BYE","19.4","24.8","13.1","18.2","20.6","","","","","","18.1","216.6"
"23","Ja'Marr Chase","WR","CIN","4.6","36.5","8.9","7.3","29","25.1","38.1","21.1","17.1","BYE","6","-","18","","","","","","19.2","211.7"
"24","Trevor Lawrence","QB","JAC","11.3","21.2","8.8","11.7","27.2","19.2","17.6","BYE","22.2","10.8","16","20.1","21.7","","","","","","17.3","207.9"
"25","Davante Adams","WR","LAR","9.1","22.6","14.6","15.6","13.8","7.9","26.5","BYE","23","19.7","7.1","23.2","21.8","","","","","","17.1","204.9"
"26","Baker Mayfield","QB","TB","22.6","19.9","17.7","19.9","26.7","19.6","12.1","4.1","BYE","22.9","17.8","5.5","14.5","","","","","","16.9","203.3"
"27","Jordan Love","QB","GB","15.9","20.9","12.1","26.3","BYE","16","13.4","28.3","10","7.8","17.7","7.1","25.8","","","","","","16.8","201.2"
"28","Javonte Williams","RB","DAL","20.4","25","12.2","19","26.9","8.4","18.8","17.9","7.3","BYE","10.3","12.1","17","","","","","","16.3","195.3"
"29","Josh Jacobs","RB","GB","14","14.4","12.4","31.7","BYE","32","18.8","13.5","20","19.7","4","-","10.1","","","","","","17.3","190.6"
"30","Kyren Williams","RB","LAR","13.9","10","19.2","10.4","31.1","16.7","8.5","BYE","17.4","22.4","16.6","5.8","13.2","","","","","","15.4","185.2"
"31","Rico Dowdle","RB","CAR","3.6","2.9","10.8","4","32.4","33.9","10.6","5.4","28.1","15.3","15","11.4","9.9","","","","","","14.1","183.3"
"32","Chris Olave","WR","NO","12.4","11.4","15.7","10","12.9","15.8","26.8","14","8.7","21.4","BYE","16","14.7","","","","","","15","179.8"
"33","Ashton Jeanty","RB","LV","12","7.4","6.3","33.5","15.9","16.6","4.4","BYE","19.9","15.3","9.4","24.8","12.1","","","","","","14.8","177.6"
"34","Sam Darnold","QB","SEA","5.4","17.8","16.7","16.1","28.6","20","9.6","BYE","28.2","5.9","8.3","17.7","3.1","","","","","","14.8","177.4"
"35","Derrick Henry","RB","BAL","29.2","2.3","10.7","7.8","9.3","14","BYE","19.1","13.1","11.4","20.2","22.8","17.4","","","","","","14.8","177.3"
"36","Drake London","WR","ATL","13.5","5.9","10.5","25","BYE","31.8","8.2","-","38.8","24.4","18.9","-","-","","","","","","19.7","177"
"37","Jaxson Dart","QB","NYG","-","-0.3","0.3","19.8","17.6","23.6","29.4","19.4","27.2","26.3","-","-","13.6","","","","","","17.7","176.9"
"38","Tetairoa McMillan","WR","CAR","11.8","16","7.8","10.2","13.3","17.9","6.3","16.9","8.6","11","33","11.5","11.3","","","","","","13.5","175.6"
"39","Wan'Dale Robinson","WR","NYG","11.5","28.2","3.6","4.4","8.2","20.4","15.5","7.8","13.6","12.2","7.6","30.6","10.4","","","","","","13.4","174"
"40","Emeka Egbuka","WR","TB","23.6","12.9","14.5","20.1","31.3","4.4","9.8","6.5","BYE","23.5","9","6.2","8.2","","","","","","14.2","170"
"41","Saquon Barkley","RB","PHI","18.4","17.4","9.5","17.4","17.8","8.7","5.2","33.4","BYE","13.1","10","12.4","5.6","","","","","","14.1","168.9"
"42","Travis Etienne Jr.","RB","JAC","18.6","16.9","11.6","19.5","8.8","9.5","6.5","BYE","16.5","15.7","19.3","20.6","5.1","","","","","","14.1","168.6"
"43","Bryce Young","QB","CAR","10.2","22.3","11.6","10.3","13","19.5","10.5","-","4","2.6","31.8","10.3","22.5","","","","","","14","168.6"
"44","Breece Hall","RB","NYJ","16.5","5.8","9.2","16.1","17.5","5.9","7.2","32.9","BYE","19.5","8.4","13.9","15.6","","","","","","14","168.5"
"45","Nico Collins","WR","HOU","5.5","14.2","22.4","11.9","16","BYE","6.7","-","14.5","22.6","24.2","8.5","21.5","","","","","","15.3","168"
"46","Chase Brown","RB","CIN","13.1","8.5","6","10.1","11.8","8.9","12","25.5","19.2","BYE","18.7","15","18.3","","","","","","13.9","167.1"
"47","Michael Pittman Jr.","WR","IND","20","8","19.3","15.1","14.9","4","20.8","23.5","20.5","3.9","BYE","13.7","2.3","","","","","","13.8","166"
"48","Travis Kelce","TE","KC","12.7","10.1","6.6","9.8","19.1","13.8","8.4","21.9","12.6","BYE","24.1","8.4","15.5","","","","","","13.6","163"
"49","A.J. Brown","WR","PHI","1.8","7.7","22.9","2.7","9.3","14","28.1","-","BYE","3.3","11.9","25","35.2","","","","","","14.7","161.9"
"50","Jake Ferguson","TE","DAL","7.3","16.8","21.2","17","23.9","12.3","21.9","0","8","BYE","11.6","11.1","8.6","","","","","","13.3","159.7"
"51","Jaylen Waddle","WR","MIA","7","17.8","14.9","7.8","23","15.8","2.5","20.9","14.2","19.4","8.2","BYE","7","","","","","","13.2","158.5"
"52","DeVonta Smith","WR","PHI","4.6","9.3","20","4.9","19.4","8.9","33.3","14.4","BYE","16.9","1.8","14.9","9.8","","","","","","13.2","158.2"
"53","D'Andre Swift","RB","CHI","9.5","13.9","10.8","16","BYE","25.5","20.8","15.1","-","14.8","9","1.9","20.8","","","","","","14.4","158.1"
"54","Lamar Jackson","QB","BAL","29.4","26.3","27","11.7","-","-","BYE","-","25.6","16.6","6.7","7.2","7.5","","","","","","17.6","158"
"55","Geno Smith","QB","LV","18.5","6.2","26.1","12.8","7.9","9.7","2.8","BYE","27.3","5.4","13.9","14.2","13","","","","","","13.1","157.7"
"56","Tyler Warren","TE","IND","14.9","11.9","6.8","18.3","14.4","18.3","16.9","9.3","7.6","17.9","BYE","9.5","11.2","","","","","","13.1","157"
"57","Ladd McConkey","WR","LAC","13.4","9.8","8.1","2.1","14.9","23","15.7","20.8","9.6","20.7","4.3","BYE","13.9","","","","","","13","156.3"
"58","Joe Flacco","QB","CIN","14.2","9.8","4.7","3.3","-","18.8","26","24.3","32.7","BYE","10.9","10.6","-","","","","","","15.5","155.1"
"59","Aaron Rodgers","QB","PIT","25.7","12.4","12.7","12.8","BYE","17.5","24.6","16.8","12.1","8.4","9.4","-","2.7","","","","","","14.1","155"
"60","Justin Jefferson","WR","MIN","14.8","11.1","12.5","22.6","19.3","BYE","12.9","14.4","16.7","7.7","11.1","8.8","2.4","","","","","","12.9","154.3"
"61","Courtland Sutton","WR","DEN","18.1","1.6","23.8","19.1","17.9","2.7","16.7","10.7","10","5.4","9.9","BYE","17.2","","","","","","12.8","153.1"
"62","Stefon Diggs","WR","NE","11.7","7.2","5.3","16.1","24.6","5.8","13.9","10.4","12.8","15.6","19.5","4","5.6","","","","","","11.7","152.5"
"63","Deebo Samuel Sr.","WR","WAS","22.6","17.4","4.9","20.1","23.6","5.4","-","4.2","9.4","12.9","20.7","BYE","11.1","","","","","","13.8","152.3"
"64","Tua Tagovailoa","QB","MIA","7.3","19.6","13.8","15.7","22.7","9.6","1.6","24.2","9.5","12.8","6.8","BYE","5.7","","","","","","12.5","149.4"
"65","Jacoby Brissett","QB","ARI","-","0.2","-","-","0","21.7","19.8","BYE","24.8","19.4","23.9","18.7","20.6","","","","","","16.6","149.1"
"66","TreVeyon Henderson","RB","NE","11.1","6","7.7","12.6","4.7","4.6","0.5","5.5","12.7","28","32.3","11.1","11.6","","","","","","11.4","148.4"
"67","Keenan Allen","WR","LAC","19.8","17.1","19.5","8.7","10.8","6.7","28.9","8.4","6.1","3.9","9.3","BYE","7","","","","","","12.2","146.2"
"68","Rome Odunze","WR","CHI","15.7","31.8","15.2","16.9","BYE","5.2","5.1","18.4","0","20.6","6.1","8.3","2.8","","","","","","12.2","146.1"
"69","Quinshon Judkins","RB","CLE","-","10.1","16.5","21.5","13.8","3.6","26.4","4.7","BYE","10.5","5.9","16.7","15.9","","","","","","13.2","145.6"
"70","Jameson Williams","WR","DET","6.6","18.8","6.3","5.7","2","18.6","0","BYE","16.6","23.9","19.7","0","26.9","","","","","","12.1","145.1"
"71","Jason Myers","K","SEA","8","9","17","14","5","10","10","BYE","9","15","15","13","19","","","","","","12","144"
"72","Jaylen Warren","RB","PIT","13.9","17.4","13.1","-","BYE","8.3","19.8","9.3","16.9","11.1","8.7","12.8","12.4","","","","","","13.1","143.7"
"73","Justin Fields","QB","NYJ","29.5","4","-","27.1","25.9","4.9","4","20.9","BYE","8","19.3","-","-","","","","","","16","143.7"
"74","CeeDee Lamb","WR","DAL","18","20.2","0","-","-","-","22","14.6","15.5","BYE","17.6","11.5","24.2","","","","","","16","143.6"
"75","Zay Flowers","WR","BAL","28.1","14.9","3.3","14.4","12.2","8.6","BYE","14.1","11.4","12.1","11.3","11.9","0.6","","","","","","11.9","142.9"
"76","DK Metcalf","WR","PIT","12.3","11","12.2","23.6","BYE","19.5","8","16.5","2.6","6.5","9.9","14.4","6.2","","","","","","11.9","142.7"
"77","Tee Higgins","WR","CIN","6.3","14.6","2.5","6.2","11.2","11.2","21.6","11.4","33.1","BYE","15.3","8.1","-","","","","","","12.9","141.5"
"78","Brock Bowers","TE","LV","15.3","8.8","9.8","9.6","-","-","-","BYE","43.3","3.7","14.2","11.5","22.3","","","","","","15.4","138.5"
"79","Mac Jones","QB","SF","-","21.8","14.3","-","22.2","13.2","6.2","19","15.8","24.1","-0.3","-","0.2","","","","","","13.6","136.3"
"80","C.J. Stroud","QB","HOU","9.7","15","12.4","18.4","28.8","BYE","14.7","22.7","4.4","-","-","-","10","","","","","","15.1","136"
"80","Hunter Henry","TE","NE","10.6","1.9","29","11.9","6.6","5.7","7.3","7.7","9.1","1.9","8.5","24.5","11.3","","","","","","10.5","136"
"82","Troy Franklin","WR","DEN","8.4","24","2.8","9.5","8.5","3.1","12.9","26.9","8.3","15","12.4","BYE","4.1","","","","","","11.3","135.9"
"83","Kenneth Walker III","RB","SEA","5.4","18.8","18","12","9.6","4.7","6.6","BYE","8.1","8","20.1","13.1","10.4","","","","","","11.2","134.8"
"84","Kenneth Gainwell","RB","PIT","5.3","6.6","9.6","31.4","BYE","9.6","3.5","3.5","7.4","2.4","29.5","18.2","6.5","","","","","","11.1","133.5"
"85","Quentin Johnston","WR","LAC","24.9","15.9","14.9","23.8","6.9","-","11","0","15.3","9.2","0","BYE","11.3","","","","","","12.1","133.2"
"86","Tre Tucker","WR","LV","13.4","4.9","40.9","4.2","11.1","12","8.3","BYE","6.8","5.5","14.7","5.8","5","","","","","","11.1","132.6"
"87","Seattle Seahawks","DST","SEA","8","14","16","11","-3","11","9","BYE","9","21","2","4","30","","","","","","11","132"
"88","Romeo Doubs","WR","GB","8.8","11.8","4.5","29.8","BYE","10.5","13.2","9.4","16.1","1.5","9.3","4.3","12","","","","","","10.9","131.2"
"89","Rashee Rice","WR","KC","-","-","-","-","-","-","23.2","25.5","18.6","BYE","9.8","24.1","29.4","","","","","","21.8","130.6"
"90","David Montgomery","RB","DET","8.3","13.1","29.4","1.2","18.2","8.1","5.9","BYE","11","10.1","4.7","6.7","12.8","","","","","","10.8","129.5"
"91","RJ Harvey","RB","DEN","7.9","3.4","4.6","19.8","6","6.5","7.2","24.1","16.6","3.8","8","BYE","21.2","","","","","","10.8","129.1"
"92","Khalil Shakir","WR","BUF","12.4","2.2","14.5","17.9","11","6.3","BYE","20.8","11.3","12.8","0.7","17","1.5","","","","","","10.7","128.4"
"93","Cam Skattebo","RB","NYG","2.9","13.9","24.1","13","14.4","31","18.4","10","-","-","-","-","-","","","","","","16","127.7"
"94","Juwan Johnson","TE","NO","15.6","15.9","11.1","5.8","3.7","1.5","12.9","10.3","12.1","19.2","BYE","10.6","8.9","","","","","","10.6","127.6"
"95","Marvin Harrison Jr.","WR","ARI","18.1","4.7","7.4","18.6","13.8","5.2","7.8","BYE","22.6","14.3","-","-","12.9","","","","","","12.5","125.4"
"96","Zach Ertz","TE","WAS","11.6","18.4","6.8","6.1","0","16.3","12.7","5.6","8.6","9.4","8.2","BYE","20.6","","","","","","10.4","124.3"
"97","Michael Penix Jr.","QB","ATL","24","5.3","5.8","19.7","BYE","14.6","12.2","-","22.7","11","7.9","-","-","","","","","","13.7","123.3"
"98","Jakobi Meyers","WR","JAC","17.7","12.8","9.3","7","7.2","7.9","-","BYE","6.3","7.1","11.4","15","21.3","","","","","","11.2","123"
"99","Kareem Hunt","RB","KC","4.6","4.4","11.4","5.7","18.7","4.4","1.8","17.2","12.5","BYE","13.2","20","9","","","","","","10.2","122.9"
"100","Cam Ward","QB","TEN","2.5","9.8","13","5.5","9","7.9","11.2","13.8","6.4","BYE","13.1","23.9","6.3","","","","","","10.2","122.3"
"101","Dallas Goedert","TE","PHI","11.4","-","10.3","19.7","10.9","26","4.8","17.8","BYE","8.3","4.4","4","4.7","","","","","","11.1","122.3"
"102","Brandon Aubrey","K","DAL","11","22","8","8","7","9","17","6","5","BYE","9","7","12","","","","","","10.1","121"
"102","Cameron Dicker","K","LAC","9","8","12","5","6","17","7","15","11","14","8","BYE","9","","","","","","10.1","121"
"104","DJ Moore","WR","CHI","8.6","9.6","12.8","7.8","BYE","8.2","8.2","11.6","23","0","3.1","23.4","4.7","","","","","","10.1","121"
"105","Dalton Schultz","TE","HOU","5.8","5.9","8.9","8","11","BYE","18.8","4.4","13.7","18.3","11.1","1.8","12.5","","","","","","10","120.2"
"106","Harold Fannin Jr.","TE","CLE","13.6","9.8","5.5","4.5","11.3","15.1","7.6","18.4","BYE","8.4","4.6","8.4","11.3","","","","","","9.9","118.5"
"107","Theo Johnson","TE","NYG","1.5","7.4","2","10.7","21.3","4.7","15.6","5","11.7","14.5","6.6","10.7","5.9","","","","","","9","117.6"
"108","Tucker Kraft","TE","GB","9.9","24.4","5.9","10.6","BYE","12.3","16.8","33.3","4","-","-","-","-","","","","","","14.7","117.2"
"109","Marquise Brown","WR","KC","19.9","8","8.2","12.8","8.8","20.5","9.4","0","9.3","BYE","8","2","10","","","","","","9.7","116.9"
"110","Jauan Jennings","WR","SF","3.6","19.9","-","6.4","-","1.7","7.1","8.5","14.1","17.1","9.4","15.1","13.9","","","","","","10.6","116.8"
"111","Kyle Pitts Sr.","TE","ATL","12.9","7.7","7.9","18","BYE","4.8","13.2","14.9","7.8","5.8","3.4","4.5","15.2","","","","","","9.7","116.1"
"112","Ka'imi Fairbairn","K","HOU","14","9","4","10","18","BYE","8","14","18","-","-","12","9","","","","","","11.6","116"
"112","Andy Borregales","K","NE","8","9","2","6","13","5","7","13","6","4","10","18","15","","","","","","8.9","116"
"114","J.K. Dobbins","RB","DEN","14.8","15.5","15.3","11.5","15.4","4","9","14.1","6.9","9.4","-","BYE","-","","","","","","11.6","115.9"
"115","Rashid Shaheed","WR","SEA","9.3","15.2","8.2","9.2","21.4","6.8","8","14.5","11.8","3.3","4.9","0.5","2.6","","","","","","8.9","115.7"
"116","Marcus Mariota","QB","WAS","0","-","20.3","17.2","-","-","4.9","13.3","0","18.7","16.4","BYE","24.3","","","","","","12.8","115.2"
"117","Rachaad White","RB","TB","2.6","14.6","2.4","8.6","23.1","17.6","8.4","8.1","BYE","10.4","8.2","5.2","5.9","","","","","","9.6","115.1"
"118","Houston Texans","DST","HOU","6","7","5","14","11","BYE","18","5","8","14","9","15","2","","","","","","9.5","114"
"119","Alec Pierce","WR","IND","4.6","10.8","10.7","-","-","6.8","14.8","8.9","17.5","18.4","BYE","3.6","17.8","","","","","","11.4","113.9"
"120","Jayden Daniels","QB","WAS","20.1","19.7","-","-","17.1","22.6","17.7","-","16.2","-","-","BYE","-","","","","","","18.9","113.6"
"121","Kayshon Boutte","WR","NE","16.3","8.6","4.8","2.8","7.3","26.3","13.5","16.5","0","-","-","3.5","13.5","","","","","","10.3","113.1"
"122","Evan McPherson","K","CIN","5","7","5","3","8","5","17","8","11","BYE","8","12","24","","","","","","9.4","113"
"123","Michael Wilson","WR","ARI","1.5","8.1","1.5","4.5","3.6","8.4","7","BYE","9.1","7.4","33.5","21.8","6.6","","","","","","9.4","113"
"124","Parker Washington","WR","JAC","0","12.6","7.4","5.9","9.6","4.9","10.2","BYE","17","17.9","4","18.1","3.6","","","","","","9.3","111.2"
"125","Mark Andrews","TE","BAL","1.5","1.4","27.1","10","4.2","6.6","BYE","6.4","16.6","10.4","15.7","2.1","8.7","","","","","","9.2","110.7"
"126","Chase McLaughlin","K","TB","6","2","21","16","12","7","5","17","BYE","5","8","1","10","","","","","","9.2","110"
"127","Chuba Hubbard","RB","CAR","17.9","18.7","9.6","9.9","-","-","7.5","9.4","1.7","2.5","3.8","8.3","20.4","","","","","","10","109.7"
"128","Woody Marks","RB","HOU","0.3","6.1","4.6","27.9","2.4","BYE","12.5","15.1","2.7","16.1","6.1","7.9","7.7","","","","","","9.1","109.4"
"129","Chris Boswell","K","PIT","14","12","3","6","BYE","15","8","20","10","6","10","4","1","","","","","","9.1","109"
"130","Kyle Monangai","RB","CHI","2.1","4.6","3","1.8","BYE","5.4","17.4","2.4","22.8","8.8","10.7","10.8","19","","","","","","9.1","108.8"
"131","Tony Pollard","RB","TEN","7.9","9.2","13.9","10.6","14.8","6.7","12.1","6.3","7.8","BYE","5.6","8.1","5.3","","","","","","9","108.3"
"132","Zach Charbonnet","RB","SEA","10.7","1","-","12.4","11.8","4.7","19.5","BYE","5.6","14.3","6.7","9.5","11.2","","","","","","9.8","107.4"
"133","Sam LaPorta","TE","DET","13.9","5.6","7.3","6.9","20.2","16.5","4.5","BYE","21.7","10.3","-","-","-","","","","","","11.9","106.9"
"134","George Kittle","TE","SF","12.5","-","-","-","-","-","0","14.3","6.9","23.4","24.7","13.8","10.7","","","","","","13.3","106.3"
"135","Los Angeles Rams","DST","LAR","11","8","6","7","1","17","11","BYE","9","6","9","18","2","","","","","","8.8","105"
"135","New England Patriots","DST","NE","7","13","2","11","8","5","19","11","1","2","5","10","11","","","","","","8.1","105"
"137","AJ Barner","TE","SEA","1.2","10.8","3.3","12.2","24.3","10.1","1.9","BYE","11.5","0.3","17.1","3.8","7.7","","","","","","8.7","104.2"
"138","Spencer Rattler","QB","NO","11.5","21.7","12.7","13.9","16.1","11.1","13.5","3.6","-","-","BYE","-","-","","","","","","13","104.1"
"139","Tyler Loop","K","BAL","13","12","7","9","4","3","BYE","13","4","14","12","11","2","","","","","","8.7","104"
"139","Eddy Pineiro","K","SF","-","10","12","7","17","18","11","1","12","2","14","-","-","","","","","","10.4","104"
"141","Jordan Mason","RB","MIN","8.5","5.8","23.6","10.2","12.6","BYE","11.7","1.6","4.7","4.1","10.5","4.2","5.8","","","","","","8.6","103.3"
"142","Nick Folk","K","NYJ","10","6","10","11","7","12","7","12","BYE","9","2","5","11","","","","","","8.5","102"
"143","Oronde Gadsden II","TE","LAC","-","-","9.6","3.6","2.4","11.8","29.4","18.7","11.8","4.3","6.1","BYE","3.7","","","","","","10.1","101.4"
"144","Will Reichard","K","MIN","9","8","14","8","3","BYE","18","6","11","9","5","10","0","","","","","","8.4","101"
"144","Cam Little","K","JAC","15","10","5","9","9","0","1","BYE","15","13","5","13","6","","","","","","8.4","101"
"146","Alvin Kamara","RB","NO","13.7","16","6.6","11.2","9.5","12.6","5.9","6.5","0.7","14.5","BYE","3.5","-","","","","","","9.2","100.7"
"147","Jake Bates","K","DET","7","10","9","13","5","5","8","BYE","7","13","5","12","6","","","","","","8.3","100"
"147","Harrison Butker","K","KC","11","7","13","13","4","6","7","4","8","BYE","7","16","4","","","","","","8.3","100"
"149","Garrett Wilson","WR","NYJ","22.5","9","24.4","20.2","19.1","4.3","-","-","BYE","0","-","-","-","","","","","","14.2","99.5"
"150","Tyler Allgeier","RB","ATL","2.4","15","1.4","11.1","BYE","10.8","1.6","9.4","0.6","17.7","9.6","5.9","13.5","","","","","","8.3","99"
"150","Pittsburgh Steelers","DST","PIT","2","5","16","10","BYE","10","1","-4","18","5","21","10","5","","","","","","8.3","99"
"152","Jacksonville Jaguars","DST","JAC","11","8","12","15","7","2","-4","BYE","3","11","12","7","14","","","","","","8.2","98"
"153","Dalton Kincaid","TE","BUF","14.8","7.7","17.6","9.8","16.8","-","BYE","3.3","22.1","5.7","-","-","-","","","","","","12.2","97.8"
"154","Kimani Vidal","RB","LAC","-","-","-","0","2.9","22.8","7.5","19.7","3","17.8","3.2","BYE","20.7","","","","","","10.8","97.6"
"155","Jordan Addison","WR","MIN","-","-","-","15.4","15.1","BYE","21.8","11.6","8.4","6.5","10","0","8.6","","","","","","10.8","97.4"
"156","Cleveland Browns","DST","CLE","4","-1","13","1","7","0","25","9","BYE","5","17","16","1","","","","","","8.1","97"
"156","Riley Patterson","K","MIA","0","11","3","10","7","10","6","10","8","7","11","BYE","14","","","","","","8.1","97"
"158","Joey Slye","K","TEN","15","17","11","0","13","-","10","2","9","BYE","10","6","3","","","","","","8.7","96"
"159","Denver Broncos","DST","DEN","14","0","9","10","7","13","5","6","5","14","8","BYE","4","","","","","","7.9","95"
"160","Cairo Santos","K","CHI","7","3","7","19","BYE","-","-","11","11","6","16","8","6","","","","","","9.4","94"
"161","Josh Downs","WR","IND","3.2","11.1","5.4","6.4","11.4","16.2","-","12.9","15.7","1.3","BYE","3","6.4","","","","","","8.5","93"
"161","Matt Prater","K","BUF","12","14","8","7","9","2","BYE","12","4","1","8","8","8","","","","","","7.8","93"
"161","Chad Ryland","K","ARI","11","10","7","10","3","11","12","BYE","10","2","4","6","7","","","","","","7.8","93"
"164","Indianapolis Colts","DST","IND","13","1","15","5","17","4","7","7","5","5","BYE","8","5","","","","","","7.7","92"
"164","Wil Lutz","K","DEN","8","4","9","4","9","9","5","9","4","4","18","BYE","9","","","","","","7.7","92"
"166","Jayden Higgins","WR","HOU","5.2","3.8","1.5","9.4","7.2","BYE","0","13.4","1.4","15.2","9.5","13.8","11.5","","","","","","7.7","91.9"
"167","T.J. Hockenson","TE","MIN","4.5","2.2","15.9","7.9","9.8","BYE","10.3","4.6","9.1","2.8","6.9","5.9","11.9","","","","","","7.7","91.8"
"168","Tyrone Tracy Jr.","RB","NYG","5.5","9.1","5.6","-","-","0.6","10.6","7.3","6.7","8.1","17.9","16","4.3","","","","","","8.3","91.7"
"169","Mack Hollins","WR","NE","1.3","7.8","6.7","7.4","0","4.8","7.3","15.9","2.9","16.6","10.4","5","5.3","","","","","","7","91.4"
"170","Matt Gay","K","SF","3","6","14","18","9","8","2","-","2","5","7","9","8","","","","","","7.6","91"
"171","Brian Thomas Jr.","WR","JAC","9","8.9","7.5","10.6","12","23","6.1","BYE","8.5","-","-","-","4.8","","","","","","10","90.4"
"172","Keon Coleman","WR","BUF","25.2","5.6","5","7.5","10.3","4.1","BYE","6","3.7","13.6","-","-","8.9","","","","","","9","89.9"
"173","Xavier Worthy","WR","KC","0","-","-","17.1","11.1","10.6","7.8","10.3","6","BYE","5.5","9.9","11.4","","","","","","9","89.7"
"174","Colston Loveland","TE","CHI","3.2","0","4.1","-","BYE","3.1","5.4","6.8","29.8","9.5","7","14.9","5.8","","","","","","8.1","89.6"
"175","Bucky Irving","RB","TB","14.5","18.1","13.9","25.5","-","-","-","-","BYE","-","-","-","16.1","","","","","","17.6","88.1"
"176","Rhamondre Stevenson","RB","NE","4.7","21.2","4.6","5.1","14.7","1.8","16.8","5.9","-","-","-","2","11","","","","","","8.8","87.8"
"177","Jacory Croskey-Merritt","RB","WAS","14.2","1.7","10.1","7.7","27","5.8","4.2","2.5","5.1","3","4.3","BYE","2","","","","","","7.3","87.6"
"178","Malik Washington","WR","MIA","4.9","9.5","6.2","4.1","4","6.3","8","13.6","7.1","9.3","7.2","BYE","7","","","","","","7.3","87.2"
"179","DeMario Douglas","WR","NE","8.2","1.8","2.7","0","3.7","16.1","4.7","5.7","20","5.4","6.1","6.1","6.3","","","","","","6.7","86.8"
"180","Zonovan Knight","RB","ARI","-","0","-","0","9.4","12.4","9.4","BYE","6.7","4.3","14.5","13.2","16.8","","","","","","8.7","86.7"
"181","Ryan Fitzgerald","K","CAR","5","4","15","1","10","14","7","4","5","1","10","3","7","","","","","","6.6","86"
"182","Brock Purdy","QB","SF","18.8","-","-","19.7","-","-","-","-","-","-","19.3","10.3","17.1","","","","","","17","85.2"
"183","Tez Johnson","WR","TB","0","-","0","2.3","10.1","11.5","15.8","9.3","BYE","20.2","1.6","12.3","1.5","","","","","","7.7","84.6"
"184","Cade Otton","TE","TB","0","5.5","0","3.9","12.1","10.1","13.5","8","BYE","17.2","4.8","6.1","2.9","","","","","","7","84.1"
"185","Philadelphia Eagles","DST","PHI","3","5","13","14","2","1","12","6","BYE","11","8","5","4","","","","","","7","84"
"185","Atlanta Falcons","DST","ATL","1","21","3","4","BYE","9","4","0","10","10","4","16","2","","","","","","7","84"
"187","Cooper Kupp","WR","SEA","3.5","16","5.1","6.6","11.9","12","3.2","BYE","-","9.4","5.3","4.4","5.4","","","","","","7.5","82.8"
"188","Nick Chubb","RB","HOU","6","15.2","7","8.2","12.1","BYE","2.1","8.9","3.4","6.2","1.7","2.5","9.4","","","","","","6.9","82.7"
"189","Jerry Jeudy","WR","CLE","11.6","9.1","2.7","7.8","3.5","9.3","3.7","0","BYE","19.8","5.1","2.9","5.6","","","","","","6.8","81.1"
"190","Kyler Murray","QB","ARI","18.3","15","14.1","18.1","15.3","-","-","BYE","-","-","-","-","-","","","","","","16.2","80.8"
"191","Sterling Shepard","WR","TB","6.9","7.4","12","4","11.9","7.1","7.5","1.8","BYE","6.1","10.1","4.2","1.5","","","","","","6.7","80.5"
"192","Tampa Bay Buccaneers","DST","TB","2","4","14","4","0","11","8","26","BYE","2","2","0","7","","","","","","6.7","80"
"193","Pat Freiermuth","TE","PIT","5.8","6.1","1.6","0","BYE","2.1","28.1","4.3","11.7","6.3","2.9","10.9","0","","","","","","6.7","79.8"
"194","Chig Okonkwo","TE","TEN","4.9","7.5","11.6","1.4","8.8","10.6","0","9.3","3","BYE","8.6","7","6.9","","","","","","6.6","79.6"
"195","Kendrick Bourne","WR","SF","-","6.2","7.8","2.7","24.2","19.2","3.4","7.4","5.4","2.9","0","0","0","","","","","","6.6","79.2"
"195","David Njoku","TE","CLE","6.7","8","9","3.1","18.7","5.8","-","13.7","BYE","10.1","1.7","0","2.4","","","","","","7.2","79.2"
"197","Arizona Cardinals","DST","ARI","5","13","6","5","7","2","1","BYE","15","6","-1","17","3","","","","","","6.6","79"
"197","Chicago Bears","DST","CHI","11","-4","11","10","BYE","9","13","1","5","7","5","6","5","","","","","","6.6","79"
"199","Chimere Dike","WR","TEN","0.9","2.8","3.5","-0.4","3.7","2.8","16.9","16.4","7.5","BYE","3.4","21.4","-0.1","","","","","","6.6","78.8"
"200","Mason Taylor","TE","NYJ","3","1.5","5.8","11.5","17.7","1.2","6.1","14.4","BYE","1.4","7","5.1","4.1","","","","","","6.6","78.8"
"201","Evan Engram","TE","DEN","5.1","2.2","-","6.9","13.3","9.9","9.2","7.6","0","3.2","7.3","BYE","13.9","","","","","","7.1","78.6"
"202","Carolina Panthers","DST","CAR","2","3","22","-3","3","0","17","-2","9","5","2","7","13","","","","","","6","78"
"202","Buffalo Bills","DST","BUF","0","10","2","6","6","4","BYE","17","5","3","4","6","15","","","","","","6.5","78"
"204","Blake Grupe","K","FA","7","3","7","9","16","16","2","4","4","5","-","4","-","","","","","","7","77"
"204","Omarion Hampton","RB","LAC","8.1","3.5","24.9","27.5","13","-","-","-","-","-","-","BYE","-","","","","","","15.4","77"
"206","Jake Elliott","K","PHI","8","12","3","7","5","6","4","9","BYE","4","11","3","4","","","","","","6.3","76"
"207","Emanuel Wilson","RB","GB","0.4","0","2.5","11.1","BYE","1.7","2.5","11.7","2.7","1.4","13.9","26.5","1.4","","","","","","6.3","75.8"
"208","Xavier Hutchinson","WR","HOU","5.5","4.9","4.6","3.7","16.8","BYE","2.3","17.9","6","0","7.2","0.9","5.9","","","","","","6.3","75.7"
"209","Christian Watson","WR","GB","-","-","-","-","BYE","-","-","12.5","7.8","6.5","20.6","9.9","18.3","","","","","","12.6","75.6"
"210","Carson Wentz","QB","MIN","-","-","15.3","23.2","14.7","BYE","13.3","8.8","-","-","-","-","-","","","","","","15.1","75.3"
"211","J.J. McCarthy","QB","MIN","23.2","4.8","-","-","-","BYE","-","-","19.9","16.7","8","2.5","-","","","","","","12.5","75.2"
"212","Greg Dortch","WR","ARI","0.8","2.1","2.8","7.9","3.2","9.9","2.5","BYE","0.9","6.2","18.6","16.8","3.4","","","","","","6.3","75.1"
"213","Andre Szmyt","K","CLE","5","5","9","4","5","11","7","1","BYE","9","11","8","0","","","","","","6.3","75"
"213","Aaron Jones Sr.","RB","MIN","15.7","2.3","-","-","-","BYE","-","5","11.8","15.9","11.1","8.7","4.5","","","","","","9.4","75"
"215","Elic Ayomanor","WR","TEN","3.3","15.6","13.8","6.4","3.8","5.7","4.9","9.2","7.6","BYE","3.1","-","1.5","","","","","","6.8","74.9"
"216","Xavier Legette","WR","CAR","4","0.8","-","-","11.1","3.1","24.2","3.7","3.2","0","18.3","5.2","1.1","","","","","","6.8","74.7"
"217","Brandon McManus","K","GB","9","11","4","12","BYE","-","-","9","8","1","-","12","8","","","","","","8.2","74"
"218","Devin Singletary","RB","NYG","0.9","1","1.1","2.8","3.4","1","0.2","3.8","7.1","10.3","17.7","4.7","19.2","","","","","","5.6","73.2"
"219","Daniel Carlson","K","LV","11","12","4","6","6","10","0","BYE","5","1","11","5","2","","","","","","6.1","73"
"219","New Orleans Saints","DST","NO","8","5","-2","4","18","1","3","6","1","12","BYE","11","6","","","","","","6.1","73"
"219","Minnesota Vikings","DST","MIN","5","5","30","4","3","BYE","3","0","9","1","3","1","9","","","","","","6.1","73"
"219","Green Bay Packers","DST","GB","10","5","8","-3","BYE","2","8","5","4","6","7","18","3","","","","","","6.1","73"
"223","Noah Fant","TE","CIN","12.6","5.8","5.6","-","0","6.7","14.4","7.1","10.8","BYE","6.6","1.9","1.3","","","","","","6.6","72.8"
"224","Darius Slayton","WR","NYG","0","8.1","7","7.4","4.1","-","-","4.6","11.2","12.9","-","3.3","14.1","","","","","","7.3","72.7"
"225","Jake Tonges","TE","SF","10.5","7.1","4.1","14.8","17.1","11.8","0","7.2","0","0","0","0","0","","","","","","5.6","72.6"
"226","Bhayshul Tuten","RB","JAC","1.1","15.4","8.1","3.2","2.1","4.8","2.2","BYE","9.6","2","13.4","1.7","8.9","","","","","","6","72.5"
"227","Dillon Gabriel","QB","CLE","-","4.8","-","0","16.1","8.8","5.8","13.5","BYE","20.1","2.9","-","0","","","","","","8","72.1"
"228","Detroit Lions","DST","DET","0","8","8","19","10","2","12","BYE","7","2","2","3","-1","","","","","","6","72"
"228","Andrei Iosivas","WR","CIN","0","2.2","0","3.7","13.2","1.5","7.9","0","18","BYE","5","10.6","9.9","","","","","","6","72"
"230","Gunnar Helm","TE","TEN","2.6","2.9","5.7","2.2","7.4","3.5","7.6","10.3","2.5","BYE","6.9","11.1","8.3","","","","","","5.9","71"
"231","Olamide Zaccheaus","WR","CHI","8.2","4.1","6.6","9.1","BYE","4.8","2.9","10.3","17.8","1.5","0","1.6","3.9","","","","","","5.9","70.8"
"232","Tyquan Thornton","WR","KC","6.1","13.9","18.1","8.1","12","0","4.9","0","0","BYE","7.1","0","0","","","","","","5.9","70.2"
"233","Dontayvion Wicks","WR","GB","5","8.4","4.1","3.9","BYE","3.5","1.5","-","-","7.8","1.9","5.2","28","","","","","","6.9","69.3"
"234","Sean Tucker","RB","TB","0.2","0","0","0","2.9","8.5","1.6","10.2","BYE","6.1","34","5.6","0","","","","","","5.8","69.1"
"235","Tennessee Titans","DST","TEN","10","4","-4","2","15","5","4","-1","20","BYE","5","6","3","","","","","","5.8","69"
"235","Los Angeles Chargers","DST","LAC","2","13","3","6","3","8","-3","11","5","15","-2","BYE","8","","","","","","5.8","69"
"235","Miami Dolphins","DST","MIA","0","8","1","8","7","2","2","7","1","13","9","BYE","11","","","","","","5.8","69"
"238","Brenton Strange","TE","JAC","9.9","4.7","12.1","10.5","3.2","-","-","BYE","-","-","-","14.3","13.5","","","","","","9.7","68.2"
"239","Jalen Nailor","WR","MIN","3.8","6.1","6.7","9.2","7.2","BYE","5.7","0","2.6","23.4","2.6","0","0","","","","","","5.6","67.3"
"240","Luther Burden III","WR","CHI","0.7","1.5","19.8","1.6","BYE","9.1","3.1","0.9","-","8.1","5.7","9.1","7.6","","","","","","6.1","67.2"
"241","Tyjae Spears","RB","TEN","-","-","-","-","1.4","9","7","17.2","9.2","BYE","8.4","6.5","8.4","","","","","","8.4","67.1"
"242","Davis Mills","QB","HOU","-","-","-","-","1.2","BYE","-","-","6.2","28.7","16.4","14.5","-","","","","","","13.4","67"
"243","Calvin Austin III","WR","PIT","17","3.2","12.4","3.3","BYE","-","-","6.8","10.6","3.4","1.5","7.6","0","","","","","","6.6","65.8"
"244","Dylan Sampson","RB","CLE","17.3","10.9","0.2","-0.2","1.2","4.4","2.7","7.9","BYE","0.9","1.9","16.2","2.3","","","","","","5.5","65.7"
"245","Isiah Pacheco","RB","KC","4.8","3.9","5.8","12.8","8.6","6.1","12.4","5.8","-","BYE","-","-","5.3","","","","","","7.3","65.5"
"246","Tyrod Taylor","QB","NYJ","-","8.3","17.7","-","-","-","4.1","-","BYE","-","-","13.8","21.3","","","","","","13","65.2"
"246","Justice Hill","RB","BAL","-0.1","5.5","7.5","28.7","2.2","9.4","BYE","0.2","3.5","8.3","-","0","-","","","","","","6.5","65.2"
"248","Tory Horton","WR","SEA","0","11.2","18.2","2","12.9","0","0","BYE","20.8","-","-","-","-","","","","","","8.1","65.1"
"249","Marvin Mims Jr.","WR","DEN","2.2","10.4","1.4","20.5","3.9","4.8","15.8","1.8","0","-","0.2","BYE","3.7","","","","","","5.9","64.7"
"250","Kansas City Chiefs","DST","KC","3","3","12","8","7","2","13","10","2","BYE","2","1","1","","","","","","5.3","64"
"251","Travis Hunter","WR","JAC","9.3","5.2","3.1","7.2","9.4","5.5","24.1","BYE","-","-","-","-","-","","","","","","9.1","63.8"
"252","Jonnu Smith","TE","PIT","12.5","6.7","5.3","2.6","BYE","5.8","11.8","3.7","5.5","1.4","0","5.8","1.6","","","","","","5.2","62.7"
"253","Terry McLaurin","WR","WAS","4.7","9.8","10.4","-","-","-","-","14.4","-","-","-","BYE","22.6","","","","","","12.4","61.9"
"253","JuJu Smith-Schuster","WR","KC","10.5","1.5","9.5","13.6","3.7","8.7","6.5","4.9","1.2","BYE","0","1.8","0","","","","","","5.2","61.9"
"255","Tyler Shough","QB","NO","-","-","0","-","-","-","-","5.3","10.2","19","BYE","8.9","18.4","","","","","","10.3","61.8"
"256","San Francisco 49ers","DST","SF","9","5","5","0","7","0","8","2","2","-3","6","9","11","","","","","","4.7","61"
"257","Michael Carter","RB","ARI","-","-","-","0.1","18.3","8.4","5.6","BYE","-","0.4","7.8","8.8","11.4","","","","","","7.6","60.8"
"258","Blake Corum","RB","LAR","2.6","10.4","5.3","3.6","1.3","2.3","5.3","BYE","5.8","5.6","1.5","2.4","14.1","","","","","","5","60.2"
"259","Ricky Pearsall","WR","SF","14.8","9.2","19.7","8.6","-","-","-","-","0","-","1","2.8","3.4","","","","","","7.4","59.5"
"260","Darnell Mooney","WR","ATL","-","4","8.4","2.5","BYE","-","9.8","2.1","2.5","2.7","6.4","16.4","4.5","","","","","","5.9","59.3"
"261","Jeremy McNichols","RB","WAS","2.5","0","13.8","1.3","2.8","6.5","6.5","11.8","0","3.9","4.9","BYE","5","","","","","","4.9","59"
"262","Colby Parkinson","TE","LAR","-0.6","-","0","3.7","0","-","7.7","BYE","3","14.1","9.4","14.1","6.7","","","","","","5.8","58.1"
"263","Joshua Karty","K","LAR","2","9","17","10","6","5","5","BYE","4","-","-","-","-","","","","","","7.3","58"
"264","Ryan Flournoy","WR","DAL","-","0","4.1","4.6","18.4","6.3","0","1.7","9.2","BYE","7.2","0","6.4","","","","","","5.3","57.9"
"265","Darnell Washington","TE","PIT","0","2","0","5","BYE","9.2","9.2","0","8.3","2.5","10.7","4.2","6.5","","","","","","4.8","57.6"
"265","Chris Rodriguez Jr.","RB","WAS","-","-","3.9","5.9","0.7","0","7.2","0.2","12.5","7.6","9.5","BYE","10.1","","","","","","5.8","57.6"
"267","Matthew Golden","WR","GB","3.6","1.5","10.1","11.3","BYE","13.2","7.7","3.4","2.9","-","3.4","-","-","","","","","","6.3","57.1"
"267","Malik Nabers","WR","NYG","12.1","37.7","3.3","4","-","-","-","-","-","-","-","-","-","","","","","","14.3","57.1"
"269","Spencer Shrader","K","IND","16","18","11","10","2","-","-","-","-","-","BYE","-","-","","","","","","11.4","57"
"269","Baltimore Ravens","DST","BAL","-3","15","-4","-3","-2","5","BYE","4","15","8","9","11","2","","","","","","4.8","57"
"271","Jake Browning","QB","CIN","-","20.7","7.9","5.4","22.1","-","-","-","-","BYE","-","0.6","-","","","","","","11.3","56.7"
"272","Michael Badgley","K","IND","-","-","-","-","-","8","6","9","12","8","BYE","8","5","","","","","","8","56"
"273","KaVontae Turpin","WR","DAL","4.7","15.3","8.8","6.4","-","-","2.7","0.8","3.3","BYE","1","4.2","8.1","","","","","","5.5","55.3"
"274","Cole Kmet","TE","CHI","4.1","4.9","8","7.6","BYE","1","2.6","-","2","1.5","9.5","1.3","12.6","","","","","","5","55.1"
"275","DeAndre Hopkins","WR","BAL","11.5","14.4","2.3","0","6.6","4","BYE","2.4","0","3.6","2.1","3.3","4.5","","","","","","4.6","54.7"
"276","Adonai Mitchell","WR","NYJ","4.1","4","0","10.6","0","-","1.8","0","1.7","-","2","6.2","24.2","","","","","","5","54.6"
"277","Brian Robinson Jr.","RB","SF","4.7","2.9","2.2","2.1","1.2","3.8","3.6","0","11.3","11.5","2.4","5.4","2.6","","","","","","4.1","53.7"
"278","Ty Johnson","RB","BUF","2.4","0.6","3.1","0","1","2.6","BYE","0.6","10","4.6","15","8.2","5.5","","","","","","4.5","53.6"
"279","Tyreek Hill","WR","MIA","8","16.9","15.9","12.7","-","-","-","-","-","-","-","BYE","-","","","","","","13.4","53.5"
"280","Dallas Cowboys","DST","DAL","1","1","-1","1","7","2","15","-2","13","BYE","9","5","2","","","","","","4.4","53"
"281","Russell Wilson","QB","NYG","11.1","31.3","7.1","0.3","-","0","-","-","-","3","-","-","-","","","","","","8.8","52.8"
"282","Darren Waller","TE","MIA","-","-","-","17.7","18.8","9.2","0","-","-","-","-","BYE","6.7","","","","","","10.5","52.4"
"283","Las Vegas Raiders","DST","LV","10","5","-1","3","-4","16","0","BYE","2","10","2","5","4","","","","","","4.3","52"
"284","Pat Bryant","WR","DEN","0","3.8","0","0","0","4.2","1.6","12","4","5.3","13.2","BYE","7.2","","","","","","4.3","51.3"
"285","Luke McCaffrey","WR","WAS","0","4.9","14.6","10.1","6","10.3","0","5.4","0","-","-","BYE","-","","","","","","5.7","51.3"
"286","Tyler Higbee","TE","LAR","0","7.7","0","4.5","-","14","4.9","BYE","10.3","6.3","3.3","-","-","","","","","","5.7","51"
"287","Tyler Lockett","WR","LV","0","2.9","7.7","0","7.6","1","3.8","BYE","0","9.4","6.3","10.2","2.1","","","","","","4.3","51"
"288","Washington Commanders","DST","WAS","9","2","11","2","13","5","-1","6","-2","-2","4","BYE","3","","","","","","4.2","50"
"289","Dyami Brown","WR","JAC","8.8","17.6","2.7","-","3.5","4","7","BYE","5.9","0","0","0","-","","","","","","5","49.5"
"290","Rashod Bateman","WR","BAL","3","3.5","17.3","3.4","0","1.8","BYE","7.1","9.3","4","-","-","0","","","","","","4.9","49.4"
"291","Van Jefferson","WR","TEN","0","3","1.8","1.6","0","11.5","8.1","1.6","3.1","BYE","11.2","2.1","5","","","","","","4.1","49"
"292","Davis Allen","TE","LAR","8.3","7.8","1.3","1","4.4","1.7","1.4","BYE","6.7","8.8","0","5.9","1.4","","","","","","4.1","48.7"
"293","Jalen Coker","WR","CAR","-","-","-","-","-","-","0","6.6","1.9","5.1","11.2","6.2","17.4","","","","","","6.9","48.4"
"294","Jaylin Noel","WR","HOU","1.7","0","1.4","1","9.8","BYE","11.7","11.3","-0.3","7.5","2.2","1.9","0","","","","","","4","48.2"
"295","Parker Romo","K","FA","-","18","0","10","-","6","4","5","5","-","-","-","-","","","","","","6.9","48"
"296","Devaughn Vele","WR","NO","2.3","7.3","-","0","3.3","0","0","2","0","2.5","BYE","6.7","23.3","","","","","","4.3","47.4"
"297","Dawson Knox","TE","BUF","4","3.9","0","0","3.5","8.9","BYE","2.5","4","6.7","3.3","4.7","5.8","","","","","","3.9","47.3"
"297","Calvin Ridley","WR","TEN","6.7","8.7","3.7","5","18.1","2.8","-","-","-","BYE","2.3","-","-","","","","","","6.8","47.3"
"299","Christian Kirk","WR","HOU","-","-","5.5","5","10.4","BYE","-","-","6.6","1.3","1.6","16.4","0","","","","","","5.9","46.8"
"300","Cedric Tillman","WR","CLE","16.2","10.2","5.6","1.6","-","-","-","-","BYE","3.1","8.2","1.5","0","","","","","","5.8","46.4"
"301","Michael Mayer","TE","LV","7.8","2.9","0","-","-","16","2","BYE","5.6","5.2","4.3","2.4","-","","","","","","5.1","46.2"
"302","New York Jets","DST","NYJ","3","0","9","0","-3","9","6","-3","BYE","19","1","1","4","","","","","","3.8","46"
"303","Jameis Winston","QB","NYG","-","-","-","-","-","-","-","-","-","-","12","33.2","-","","","","","","22.6","45.3"
"304","Joshua Palmer","WR","BUF","11.1","6.7","1.5","4.5","5.6","8","BYE","-","-","-","3.7","4.1","-","","","","","","5.7","45.2"
"305","Cincinnati Bengals","DST","CIN","7","5","-1","1","2","3","3","-4","6","BYE","1","10","12","","","","","","3.8","45"
"306","Tommy Tremble","TE","CAR","1.2","5","3.6","15.2","1.7","7.9","1","1.4","0","0","6.4","0","1.2","","","","","","3.4","44.6"
"307","Ollie Gordon II","RB","MIA","1.3","2.3","9.8","1","-0.2","1.2","2.3","13.6","1.9","-0.3","10.5","BYE","1","","","","","","3.7","44.4"
"307","Kyle Juszczyk","RB","SF","5.2","1.5","7.1","6.2","5","1.9","1.8","1.4","2.2","2.8","4.6","0","4.7","","","","","","3.4","44.4"
"309","John Metchie III","WR","NYJ","0","1","1.8","3","0","0","-","0","BYE","0.6","13.5","18.5","5.7","","","","","","4","44.1"
"310","Brashard Smith","RB","KC","0","0.2","1.3","6.6","6.6","5.1","13.1","0.8","0.7","BYE","2.8","6.6","0","","","","","","3.7","43.8"
"311","Austin Hooper","TE","NE","2","6.8","4.8","3.4","0","1.5","9.1","5.8","3","0","-","6.9","-","","","","","","3.9","43.3"
"312","Jaylin Lane","WR","WAS","2.1","1.2","6.8","3.8","2.6","5.4","9","1","3.9","5.1","2.3","BYE","0","","","","","","3.6","43.2"
"313","Jake Moody","K","WAS","5","-","-","-","-","16","14","-","-","-","-","BYE","8","","","","","","10.8","43"
"314","Ja'Tavion Sanders","TE","CAR","4.7","12.4","3.1","-","-","-","0","4.9","1.5","8.2","6.2","1.6","0","","","","","","4.3","42.6"
"315","Isaiah Davis","RB","NYJ","1.8","1.6","0","4.7","6.3","1.1","5.2","17.9","BYE","2.1","1.1","0.7","0","","","","","","3.5","42.5"
"315","Emari Demercado","RB","ARI","0","0","0","10.1","6.1","0.1","-","BYE","8.8","13.4","4","-","-","","","","","","4.7","42.5"
"317","Tre Harris","WR","LAC","2.1","5.4","0","0","0","6.7","4.3","8.8","3.8","2.4","2.2","BYE","6","","","","","","3.5","41.7"
"318","Zane Gonzalez","K","ATL","-","-","-","-","BYE","-","-","-","-","6","12","15","8","","","","","","10.3","41"
"319","Jerome Ford","RB","CLE","1.5","10.4","5","1.3","5.8","8","3","0.9","BYE","0.1","0.2","-0.3","4.7","","","","","","3.4","40.6"
"320","Mitchell Evans","TE","CAR","0","1.9","1.9","11.3","7.4","3.1","4.4","0","0","0","4.8","0","5","","","","","","3.1","39.8"
"321","Kirk Cousins","QB","ATL","-","-","1.2","-","BYE","-","-","7.1","-","-","2.1","15.5","13.4","","","","","","7.8","39.2"
"321","Jalen Tolbert","WR","DAL","1","3.6","7.4","10.1","0","1.8","2.6","12.7","0","BYE","0","-","0","","","","","","3.6","39.2"
"323","Samaje Perine","RB","CIN","2.6","0","0.1","0.4","4.9","5.2","3.1","17","0.5","BYE","-","-","5.4","","","","","","3.9","39.2"
"324","Graham Gano","K","NYG","8","13","3","-","-","-","-","9","6","-","-","-","-","","","","","","7.8","39"
"325","Roman Wilson","WR","PIT","0","1.7","0","0","BYE","2.2","3.7","17.4","-0.6","11.5","2.7","0","0","","","","","","3.2","38.6"
"326","Isaiah Likely","TE","BAL","-","-","-","0","2.2","2.6","BYE","2.8","9","3.7","3.5","2","12.5","","","","","","4.3","38.3"
"327","Daniel Bellinger","TE","NYG","2.4","0","1.6","2.3","9.2","0","17.8","3.1","-","1.8","0","0","-","","","","","","3.5","38.2"
"328","Kalif Raymond","WR","DET","3.6","3.3","1.4","9.3","0","0","4.7","BYE","0","9.9","0","5.7","-","","","","","","3.4","37.9"
"328","Jackson Hawes","TE","BUF","3.9","1.5","7.5","2.5","0","0","BYE","3.5","2.8","9.6","0","4.6","2","","","","","","3.2","37.9"
"330","Brandin Cooks","WR","BUF","5.6","4.6","5.4","5.2","1.5","3.1","1.3","5.2","3.6","0","-","-","2.3","","","","","","3.4","37.8"
"331","Jahan Dotson","WR","PHI","8.9","1.4","1.7","0","3.4","2.7","0","11","BYE","0","6.3","0","2.2","","","","","","3.1","37.6"
"332","Elijah Arroyo","TE","SEA","1.7","5.1","0","6.4","2","1.6","6.2","BYE","10.9","1.5","0","1.5","0","","","","","","3.1","36.9"
"333","Brock Wright","TE","DET","0","11.8","0","0","8.9","0","5.3","BYE","2.1","0","2.8","5.9","-","","","","","","3.3","36.8"
"334","Isaiah Bond","WR","CLE","1.5","2.5","3.6","8.8","4.9","2.9","0","0","BYE","-","0.8","7.8","3.7","","","","","","3.3","36.5"
"335","Chris Moore","WR","WAS","4.4","-","4.5","0.9","0","13.6","7.9","0","0","0","4.8","BYE","0","","","","","","3.3","36.1"
"336","Hunter Renfrow","WR","CAR","3.1","23.8","2.6","3","1.7","1.7","-","-","-","-","-","-","-","","","","","","6","35.9"
"337","Trey Benson","RB","ARI","8.5","8.4","8.1","10.4","-","-","-","BYE","-","-","0","-","-","","","","","","7.1","35.4"
"338","Jeremy Ruckert","TE","NYJ","3.6","7.5","0","3.3","6.8","0","0","3.4","BYE","1","6.3","0","3.2","","","","","","2.9","35.1"
"339","Joe Burrow","QB","CIN","8.8","7","-","-","-","-","-","-","-","BYE","-","-","19.2","","","","","","11.7","35.1"
"340","Tyler Johnson","WR","NYJ","5.1","0","5.2","-","0","0","9","15.4","BYE","0","0","-","0","","","","","","3.5","34.7"
"341","Tanner Hudson","TE","CIN","-","-","-","0","0","11","-","1.9","6.2","BYE","5.2","1.9","8.4","","","","","","4.3","34.6"
"342","Devin Neal","RB","NO","0.9","-","-","-","-","-","0.1","4.1","2.2","6.1","BYE","11.1","9.9","","","","","","4.9","34.4"
"343","Tyrell Shavers","WR","BUF","0","0","4.4","0","0","5.7","BYE","0","1.7","3.4","19","0","0","","","","","","2.9","34.2"
"344","New York Giants","DST","NYG","3","1","2","7","1","8","1","0","3","0","2","4","2","","","","","","2.6","34"
"344","Mike Evans","WR","TB","10.1","10.6","13.3","-","-","-","0","-","BYE","-","-","-","-","","","","","","8.5","34"
"344","Adam Trautman","TE","DEN","1.5","10","0","5.2","2.1","0","0","0","4.5","1.2","1.8","BYE","7.7","","","","","","2.8","34"
"344","Isaac TeSlaa","WR","DET","8.3","3.9","0","0","8.2","0","0","BYE","0","2.1","0","0","11.5","","","","","","2.8","34"
"348","Elijah Higgins","TE","ARI","1.3","6.5","1.7","0","3","5.4","1.3","BYE","6","3.9","1.1","0","3.7","","","","","","2.8","33.9"
"348","Keaton Mitchell","RB","BAL","-","-","-","-","2.3","0","BYE","4.3","2.8","3.1","7.4","2.9","11.1","","","","","","4.2","33.9"
"350","James Conner","RB","ARI","14.4","12.2","6.7","-","-","-","-","BYE","-","0","-","-","-","","","","","","8.3","33.3"
"351","Kendre Miller","RB","NO","2.4","2","5.6","12.5","5.9","4.2","0.7","-","-","-","BYE","-","-","","","","","","4.8","33.3"
"352","Hunter Long","TE","JAC","7.6","0","3.2","11.3","1.3","3.9","3.6","BYE","1.6","-","-","-","-","","","","","","4.1","32.5"
"353","Demarcus Robinson","WR","SF","-","-","-","3","6.9","6.4","0","4.5","0","6.4","2.3","1.8","0.6","","","","","","3.2","31.9"
"354","Jordan Whittington","WR","LAR","0.5","6.2","3.4","1.7","5.3","5.3","2.9","BYE","0","0","1.9","4.7","0","","","","","","2.7","31.9"
"355","Zavier Scott","RB","MIN","-","-","6","16.4","-0.2","BYE","1.6","4.4","0","-","-","-","3.1","","","","","","4.5","31.3"
"356","Kyle Williams","WR","NE","2.2","0","1.8","-0.2","0","0","0","0","0","14.2","0","2.8","10.3","","","","","","2.4","31.1"
"357","Charlie Kolar","TE","BAL","0","0","4.2","0","2","0","BYE","8","10.3","3.3","0","0","2.7","","","","","","2.5","30.5"
"358","Zay Jones","WR","ARI","1.4","0","4.5","-","2.8","12.9","8.7","BYE","0","0","-","-","-","","","","","","3.8","30.3"
"359","Younghoe Koo","K","NYG","9","-","-","-","-","-","-","-","-","8","2","10","1","","","","","","6","30"
"360","Luke Farrell","TE","SF","1.4","9.5","0","2","1.8","0","2.1","0","1.9","9.5","0","1.3","0","","","","","","2.3","29.5"
"361","Tim Patrick","WR","JAC","0","0","2.6","0.9","0","9.6","3.2","BYE","-","0","11","0","2.1","","","","","","2.7","29.4"
"362","Noah Gray","TE","KC","1.3","1.1","4.7","1.1","0","4.5","3.8","4.3","0","BYE","2.9","5.5","-","","","","","","2.7","29.2"
"363","Mitch Tinsley","WR","CIN","0","8.3","0","1.9","-","-","-","-","3.7","BYE","0","10.9","4.2","","","","","","3.6","29"
"364","Luke Musgrave","TE","GB","1.4","5.2","0","1.6","BYE","1.7","0","1.5","6.4","5.3","0.9","1.7","3.3","","","","","","2.4","29"
"365","Elijah Moore","WR","FA","2.1","10.7","6.1","0","-","0","-","2.4","3.8","2.8","-","0.7","-","","","","","","3.2","28.6"
"366","Ray Davis","RB","BUF","1.1","2.4","0","0.3","0.1","9.9","BYE","1.6","0","0.8","0","6","6.2","","","","","","2.4","28.4"
"367","Xavier Smith","WR","LAR","4.6","0","0","0","0","0","3.5","BYE","3.2","2.4","1.8","-","11.2","","","","","","2.4","26.7"
"368","Miles Sanders","RB","DAL","4","9.9","8.3","4.5","-","-","-","-","-","BYE","-","-","-","","","","","","6.7","26.7"
"369","David Sills V","WR","ATL","0","0","1.9","0","BYE","0","0","3.4","0","0","2.1","9.6","9.5","","","","","","2.2","26.5"
"370","Tutu Atwell","WR","LAR","1.4","0","0","15.8","9.2","-","0","BYE","-","-","-","-","-","","","","","","4.4","26.4"
"371","Harrison Mevis","K","LAR","-","-","-","-","-","-","-","BYE","-","6","3","13","4","","","","","","6.5","26"
"372","Mike Gesicki","TE","CIN","2.4","4.8","1.6","1.8","3.5","0","-","-","-","BYE","-","7.5","3.9","","","","","","3.2","25.5"
"373","Tyler Badie","RB","DEN","3.6","4.2","0","2.1","2.6","-","3.9","0.6","2.6","0","1","BYE","4.8","","","","","","2.3","25.4"
"374","Brycen Tremayne","WR","CAR","0","7.8","3.5","6.6","1.9","0","0","0","1.8","-","3.7","0","0","","","","","","2.1","25.3"
"375","Josh Oliver","TE","MIN","1.5","0","8.2","0","11.5","BYE","1.9","0","-","-","0.7","1.4","0","","","","","","2.5","25.2"
"376","Raheem Mostert","RB","LV","-","-","-","8.3","2.2","-0.4","1.2","BYE","2.4","2.5","3.3","5","0.6","","","","","","2.8","25.1"
"377","Devontez Walker","WR","BAL","-","16.6","4.4","0","0","-","BYE","-","-","-","0","4","0","","","","","","3.6","25"
"378","Chris Godwin Jr.","WR","TB","-","-","-","5.6","5.6","-","-","-","BYE","-","-","2.9","10.8","","","","","","6.2","24.9"
"379","Terrance Ferguson","TE","LAR","-","0","-","-","3.1","0","10.1","BYE","7.4","4.2","0","0","0","","","","","","2.8","24.8"
"380","Savion Williams","WR","GB","1.1","2.4","-0.1","5.3","BYE","0.3","0","7.9","1.2","2.2","4.3","0","-","","","","","","2.2","24.6"
"381","Shedeur Sanders","QB","CLE","-","-","-","-","-","-","-","-","BYE","-","2.5","11.3","10.6","","","","","","8.1","24.3"
"382","Isaiah Hodgins","WR","NYG","-","-","-","-","-","-","-","-","-","-","10.7","12.2","1.4","","","","","","8.1","24.3"
"383","Tyler Huntley","QB","BAL","-","-","-","-","-","6.6","BYE","16.7","-","-","-","-","-","","","","","","11.7","23.4"
"384","Antonio Gibson","RB","NE","0.3","9.8","0.8","8.7","3.6","-","-","-","-","-","-","-","-","","","","","","4.6","23.2"
"385","Josh Reynolds","WR","NYJ","3.8","-","-","0","7.9","5.5","5.9","-","BYE","-","-","-","-","","","","","","4.6","23.1"
"386","Julian Hill","TE","MIA","2","0","1.4","2.9","6.2","6.1","1.1","-","-","-","2.4","BYE","0","","","","","","2.5","22.1"
"387","Lucas Havrisik","K","GB","-","-","-","-","BYE","10","11","-","-","-","1","-","-","","","","","","7.3","22"
"387","Matthew Wright","K","FA","-","-","-","-","-","5","-","1","-","4","12","-","-","","","","","","5.5","22"
"389","Hunter Luepke","RB","DAL","0","0","0","0.6","2","8.7","1.3","0.2","0","BYE","7.1","1.7","0","","","","","","1.8","21.6"
"390","Allen Lazard","WR","NYJ","-","0","9.3","1.8","1.3","-","3.6","1.5","BYE","-","-","1.9","2","","","","","","2.7","21.4"
"390","Jack Bech","WR","LV","3.3","0","2","0","5.7","0","3.3","BYE","0","0","2.9","0","4.2","","","","","","1.8","21.4"
"392","Greg Dulcich","TE","MIA","-","-","-","-","-","-","-","0","9.9","3.2","3.8","BYE","4.4","","","","","","4.3","21.3"
"393","Curtis Samuel","WR","BUF","-","-","-","1.9","10.6","-","BYE","0","1.6","3.1","3.9","-","-","","","","","","3.5","21.1"
"394","George Holani","RB","SEA","0","6","4.2","0","0","0","0","BYE","0.9","9.1","0.6","-","-","","","","","","2.1","20.8"
"395","Jamari Thrash","WR","CLE","1.6","1.5","2.7","0","3.2","3.3","3.3","5.1","BYE","0","-","-","-","","","","","","2.3","20.7"
"395","Ian Thomas","TE","LV","0","0","0","0","5","1.4","0","BYE","1.9","0","3","7.6","1.8","","","","","","1.7","20.7"
"397","Dont'e Thornton Jr.","WR","LV","6.5","3","4.9","0","0","0","0","BYE","-","1.4","0","2.4","2.1","","","","","","1.8","20.3"
"398","Taysom Hill","TE","NO","-","-","-","-","0.7","6.1","2.8","2.2","3","2","BYE","1.7","1.7","","","","","","2.5","20.2"
"399","Ashton Dulin","WR","IND","1.5","0","0","2.8","7.5","0","-","0.2","0","2.2","BYE","5.8","-","","","","","","2","20"
"400","Nick Westbrook-Ikhine","WR","MIA","1.7","3.8","0","1.1","0","0","4.6","2.8","4.2","1.7","0","BYE","0","","","","","","1.7","19.9"
"400","Chris Brooks","RB","GB","1.3","5.7","0","1.1","BYE","0.1","0","0","4.4","0","0.8","3.6","2.9","","","","","","1.7","19.9"
"402","Jimmy Horn Jr.","WR","CAR","-","-","-","-","5.1","6.7","2.5","0.9","1.8","0","0","2.1","0","","","","","","2.1","19.1"
"403","Jaret Patterson","RB","LAC","-","-","-","-","-","-","-","3","4.4","0.1","-","BYE","11.4","","","","","","4.7","18.9"
"404","Treylon Burks","WR","WAS","-","-","-","-","-","-","-","-","2.4","8.8","-","BYE","7.5","","","","","","6.2","18.7"
"405","Tank Bigsby","RB","PHI","1.2","-","0","0","0","0","2","10.4","BYE","0.7","3.4","0.8","0","","","","","","1.7","18.5"
"406","Tanner Conner","TE","MIA","4","0","2.3","0","3.6","1.8","3.8","2.6","0","-","-","BYE","-","","","","","","2","18.1"
"406","LeQuint Allen Jr.","RB","JAC","2.1","1.3","1.9","1.7","0","2.2","1.4","BYE","2.1","1.6","3.6","0.2","0","","","","","","1.5","18.1"
"408","Ameer Abdullah","RB","IND","-","-","-","-","6.6","2.6","3.7","1.8","1.5","1.8","BYE","0","0","","","","","","2.3","18"
"409","Kameron Johnson","WR","TB","0","0","0","0","0.2","16.4","0","0","BYE","1.1","0","0","0","","","","","","1.5","17.7"
"410","Johnny Mundt","TE","JAC","0","0","1.7","0","1.7","2.4","1.9","BYE","0","3.1","4.5","2.2","0","","","","","","1.5","17.5"
"411","Drew Sample","TE","CIN","0","1.7","10","0","0.9","0.8","0","0","0","BYE","0","1","2.7","","","","","","1.4","17.1"
"412","Mason Rudolph","QB","PIT","-","0.5","-","-","BYE","0","-","-","-","-","9","8.5","-1","","","","","","3.4","17"
"412","John FitzPatrick","TE","GB","1.2","0","9.2","0","BYE","0","1.6","1.4","0","0","1.5","2.1","0","","","","","","1.4","17"
"414","Adam Thielen","WR","FA","2","4.6","0","3.1","0","-","2","0","0","3.6","1.6","0","-","","","","","","1.5","16.9"
"415","Nate Adkins","TE","DEN","-","-","0","2.5","0","10.3","4","0","-","-","-","BYE","-","","","","","","2.8","16.8"
"416","Malachi Corley","WR","CLE","-","-","-","-","1.1","0","3.7","3.1","BYE","3.2","2.9","1.2","0.9","","","","","","2","16.1"
"416","Cody White","WR","SEA","0","-","-","-","-","-","-","BYE","13","0","0","0","3.1","","","","","","2.7","16.1"
"418","Tyler Conklin","TE","LAC","7.2","0","0","1.3","5","0","-","0","-","2.2","-","BYE","0","","","","","","1.7","15.7"
"418","Malik Davis","RB","DAL","-","-","-","-","-","-","0","0.3","0.3","BYE","2","2.4","10.7","","","","","","2.6","15.7"
"420","Isaiah Williams","WR","NYJ","-","0","0","-2","-","0","0","8.6","BYE","7.4","1.6","0","0","","","","","","1.6","15.6"
"421","Luke Schoonmaker","TE","DAL","0","0","1.5","2.8","1.3","1.8","0","4.5","2.4","BYE","0","0","1.1","","","","","","1.3","15.4"
"422","Casey Washington","WR","ATL","6.3","-","-","2.9","BYE","0","2.7","3.5","-","0","0","-","-","","","","","","2.2","15.4"
"423","Braelon Allen","RB","NYJ","6.9","1.1","6.7","0.6","-","-","-","-","BYE","-","-","-","-","","","","","","3.8","15.3"
"424","Terrell Jennings","RB","NE","-","-","-","-","-","-","1.8","1.5","11.4","0.5","-","0","0","","","","","","2.5","15.2"
"425","John Bates","TE","WAS","0","0","-","-","1.9","0","1.5","3.2","4","1.6","0","BYE","2.9","","","","","","1.5","15.1"
"426","Jude McAtamney","K","FA","-","-","-","7","2","4","2","-","-","-","-","-","-","","","","","","3.8","15"
"427","Malik Heath","WR","GB","0","4.7","0","1.9","BYE","0","0","5.9","2.1","0","-","0","0","","","","","","1.3","14.6"
"427","Ben Skowronek","WR","PIT","9.2","0","0","0","BYE","0","0","2.3","0","0","0","3.1","0","","","","","","1.2","14.6"
"429","Tylan Wallace","WR","BAL","0","10.5","0","2.4","0","0","BYE","1.6","0","0","0","0","-","","","","","","1.3","14.5"
"430","Ray-Ray McCloud III","WR","NYG","8.1","0","4","0.3","-","-","-","-","1.5","0","-","-","-","","","","","","2.3","13.9"
"431","Konata Mumpfield","WR","LAR","0","0","0","0","0","1.7","7.5","BYE","0","0","0","4.5","0","","","","","","1.1","13.7"
"432","Jayden Reed","WR","GB","13.5","0","-","-","BYE","-","-","-","-","-","-","-","-","","","","","","6.8","13.5"
"433","Jack Stoll","TE","NO","0","0","10.1","1.7","0","0","0","0","0","-","BYE","1.7","0","","","","","","1.2","13.5"
"434","Will Shipley","RB","PHI","2.6","-","-","0","1.4","0","1.7","0.2","BYE","5.4","0","0","2.1","","","","","","1.3","13.4"
"435","Brevyn Spann-Ford","TE","DAL","0","1.3","0","0","0","1.2","0","1.9","0","BYE","1.4","7.4","0","","","","","","1.1","13.2"
"436","Austin Ekeler","RB","WAS","8.7","4.4","-","-","-","-","-","-","0","-","-","BYE","-","","","","","","4.4","13.1"
"437","Gunner Olszewski","WR","NYG","0","0","0","0","0","0","0","0","9.4","0","0","5.3","-2","","","","","","1","12.7"
"438","Andrew Beck","TE","NYJ","0","0","0","0","7.1","1.6","0","1.9","BYE","0","0","2","0","","","","","","1.1","12.6"
"439","Jaleel McLaughlin","RB","DEN","-","-","-","-","-","0","-","-","-","-","8.4","BYE","4","","","","","","4.1","12.4"
"440","Ben Sinnott","TE","WAS","0","1.7","0","0","0","0","0","3.2","0","7.4","-","BYE","0","","","","","","1.1","12.3"
"441","Arian Smith","WR","NYJ","0","0.8","2.2","0","2.4","0","1","3.3","BYE","1.3","0","0.8","-","","","","","","1.1","11.8"
"442","Gabe Davis","WR","BUF","-","-","-","-","-","-","BYE","-","-","-","7","3.2","1.5","","","","","","3.9","11.7"
"442","Trevor Etienne","RB","CAR","0.4","1.2","-2","3.3","3.9","1.7","0","1.6","0","0","0.2","0","1.4","","","","","","0.9","11.7"
"444","Najee Harris","RB","LAC","2","6.8","2.8","-","-","-","-","-","-","-","-","BYE","-","","","","","","3.9","11.6"
"445","Ryan Miller","WR","TB","0","9","0","0","0","0","2.4","0","BYE","0","0","0","0","","","","","","1","11.4"
"446","Mason Tipton","WR","NO","-","-","0","0","0","0","0","0","0","0","BYE","6.3","4.9","","","","","","1.1","11.2"
"447","Mo Alie-Cox","TE","IND","3","1.8","0","0","0","2.6","1.6","0","0","0","BYE","1.9","0","","","","","","0.9","10.9"
"448","Connor Heyward","TE","PIT","0","1.6","0","0.2","BYE","8.2","0","0","0.4","0","0.3","0","-","","","","","","1","10.7"
"449","Drew Ogletree","TE","IND","0","0","0","0","0","0","0","0","0","0","BYE","8.8","1.8","","","","","","0.9","10.6"
"450","Andy Dalton","QB","CAR","-","-","-0.1","6.3","-","-","2.2","2.1","-","-","-","-","-","","","","","","2.6","10.5"
"450","Skyy Moore","WR","SF","0","0","2","0","0.1","0","2.5","0","3.1","2.8","0","0","0","","","","","","0.8","10.5"
"452","Robbie Chosen","WR","FA","-","-","-","-","-","-","7.6","-","-","2.7","0","-","-","","","","","","3.4","10.3"
"453","Adam Prentice","RB","DEN","1.4","0","0","0.4","0.8","0.3","0","0","0.2","2.3","2.4","BYE","2.4","","","","","","0.9","10.2"
"454","Cade Stover","TE","HOU","6.2","-","-","-","-","BYE","-","-","-","-","0","0","3.9","","","","","","2.5","10.1"
"455","Grant Calcaterra","TE","PHI","0","1.6","0","2.6","3.8","-","-","0","BYE","0","0","1.8","0","","","","","","1","9.8"
"456","Braxton Berrios","WR","HOU","-","-","-","-","-","BYE","0.9","8.8","0","0","-","-","-","","","","","","2.4","9.7"
"456","Brittain Brown","RB","CHI","-","-","-","-","BYE","-","-","-","9.7","-","-","-","-","","","","","","9.7","9.7"
"458","James Proche II","WR","TEN","-","-","-","-","-","-","-","0","0","BYE","-","7.2","2.3","","","","","","2.4","9.5"
"458","Alec Ingold","RB","MIA","1.1","3.3","0","0","0","3.5","0","1","0","0.6","0","BYE","0","","","","","","0.8","9.5"
"458","Lil'Jordan Humphrey","WR","DEN","-","-","-","-","-","9.5","0","0","-","-","0","BYE","0","","","","","","1.9","9.5"
"461","Foster Moreau","TE","NO","-","-","-","-","0","1.9","0","0","0","3.6","BYE","0","3.3","","","","","","1.1","8.8"
"462","Albert Okwuegbunam Jr.","TE","LV","-","-","-","-","8.6","-","-","BYE","-","-","-","-","-","","","","","","8.6","8.6"
"463","Jalin Hyatt","WR","NYG","-","-","0","0","0","4.7","0","-","0","-","3.8","-","-","","","","","","1.2","8.5"
"464","Dare Ogunbowale","RB","HOU","2.6","0","0","0","0","BYE","0","2.7","1.2","0","1.9","0","0","","","","","","0.7","8.4"
"465","Bo Melton","WR","GB","0","-","0","0","BYE","0.3","0","0","0","4.8","1.7","0","1.5","","","","","","0.8","8.3"
"465","Hassan Haskins","RB","LAC","0","0","0","0","2.5","3.3","2.5","-","0","0","-","BYE","-","","","","","","0.9","8.3"
"465","Will Dissly","TE","LAC","2.8","1.7","-","-","-","3.8","0","-","-","-","-","BYE","-","","","","","","2.1","8.3"
"465","Josh Whyle","TE","GB","-","-","-","-","BYE","-","-","-","-","0","7.2","1.1","0","","","","","","2.1","8.3"
"465","Charlie Woerner","TE","ATL","0","0","0.5","0","BYE","0","0","0","0","2.4","0","5.4","0","","","","","","0.7","8.3"
"470","Dee Eskridge","WR","MIA","1.9","1.8","0","0","0","0","4.5","0","0","-","-","BYE","0","","","","","","0.8","8.2"
"471","Kaleb Johnson","RB","PIT","-0.2","0.1","-","2.2","BYE","1.5","-","-","2.3","0.3","1.5","-","0.3","","","","","","1","8"
"471","Marquez Valdes-Scantling","WR","PIT","0","0","1.9","-","1.9","4.2","-","-","-","-","-","-","-","","","","","","1.6","8"
"471","Jaydon Blue","RB","DAL","-","-","-","-","0.7","0","4.4","2.9","-","BYE","-","-","-","","","","","","2","8"
"474","A.J. Dillon","RB","PHI","1","1.9","0","1.7","1.2","2","-","-","BYE","-","-","-","-","","","","","","1.3","7.8"
"475","Austin Trammell","WR","FA","-","-","-","-","-","-","-","-","0","5.3","2.3","0","0","","","","","","1.5","7.6"
"475","Tom Kennedy","WR","DET","-","-","-","-","-","-","-","BYE","-","-","-","-","7.6","","","","","","7.6","7.6"
"477","Jaylen Wright","RB","MIA","-","-","-","-","-","-","0","3.8","0","1.7","0.4","BYE","1.6","","","","","","1.3","7.5"
"478","Zamir White","RB","LV","0.8","3.3","3.3","-","-","-","-","BYE","-","-","-","-","-","","","","","","2.5","7.4"
"479","Cam Akers","RB","SEA","-","-","1.9","-","5.3","-","-","BYE","-","-","-","-","-","","","","","","3.6","7.2"
"480","David Martin-Robinson","TE","TEN","0","-","0","-","0","7.1","0","0","0","BYE","0","0","0","","","","","","0.7","7.1"
"480","Xavier Restrepo","WR","TEN","-","-","-","-","-","-","-","-","-","BYE","-","4.6","2.5","","","","","","3.6","7.1"
"482","Joe Milton III","QB","DAL","-","-","0.6","-","-","-","-","6.3","-","BYE","-","-","-","","","","","","3.5","7"
"483","Dareke Young","WR","SEA","-","0","2.2","0","4.6","0","0","BYE","-","-","-","-","-","","","","","","1.1","6.8"
"483","Gage Larvadain","WR","CLE","-","-","-","-","0","4.2","0","0.3","BYE","0","0","0","2.3","","","","","","0.9","6.8"
"485","DJ Giddens","RB","IND","4.1","0","0.3","0","2.2","0","0","-","-","-","BYE","-","-","","","","","","0.9","6.6"
"485","Noah Brown","WR","WAS","4.7","1.9","-","-","-","-","-","-","-","-","-","BYE","-","","","","","","3.3","6.6"
"487","Malik Willis","QB","GB","-","-","-","-","BYE","-","-","-","-","-","5.8","0.6","-","","","","","","3.2","6.4"
"488","Raheim Sanders","RB","CLE","6.3","-","-","-","-","-","-","-","BYE","-","-","0","-","","","","","","3.2","6.3"
"489","Dylan Drummond","WR","ATL","-","-","-","-","BYE","-","-","0","0","-","-","4.8","1.3","","","","","","1.5","6.1"
"489","KhaDarel Hodge","WR","ATL","0","0","0","-","BYE","0","0","6.1","0","0","0","0","-","","","","","","0.6","6.1"
"491","Kene Nwangwu","RB","NYJ","0","-","-","-","-","0","0","-","BYE","6","0","0","-","","","","","","1","6"
"491","Charlie Jones","WR","CIN","0","0","0","0","0","0","0","0","6","BYE","0","0","0","","","","","","0.5","6"
"491","Justin Watson","WR","HOU","4.7","1.3","-","-","-","BYE","-","-","-","-","-","-","-","","","","","","3","6"
"494","James Mitchell","TE","CAR","-","-","-","3.7","2.1","0","-","-","-","-","-","-","0","","","","","","1.5","5.8"
"495","Cooper Rush","QB","BAL","-","-0.4","-","2.1","4.2","-0.1","BYE","-","-","-","-","-","-","","","","","","1.4","5.7"
"496","Cedrick Wilson Jr.","WR","MIA","-","-","-","-","-","-","-","1.2","1.7","0","0","BYE","2.6","","","","","","1.1","5.5"
"497","Xavier Weaver","WR","ARI","-","-","-","0","-","-","0","BYE","0","-","3.5","1.9","0","","","","","","0.9","5.4"
"498","Dylan Laube","RB","LV","0","3.7","0.2","0","0","0","1.4","BYE","0","0","0","0","0","","","","","","0.4","5.3"
"499","Trey Lance","QB","LAC","-","-","-","-","2.9","-","-","-","-","-","1.6","BYE","0.8","","","","","","1.7","5.2"
"500","Trent Sherfield Sr.","WR","ARI","1.3","1.3","0","0","2.5","0","0","0","0","0","-","-","-","","","","","","0.5","5.1"
"501","Charlie Smyth","K","NO","-","-","-","-","-","-","-","-","-","-","BYE","-","5","","","","","","5","5"
"502","Deven Thompkins","WR","ATL","-","-","-","-","BYE","0","-","-","-","-","-","-","4.8","","","","","","2.4","4.8"
"502","Tip Reiman","TE","ARI","2","0","2.8","0","0","-","-","BYE","-","-","-","-","-","","","","","","1","4.8"
"504","Rasheen Ali","RB","BAL","0.5","0","0","0","0","0","BYE","0","0","-","2.5","-","1.7","","","","","","0.5","4.7"
"505","Jordan Watkins","WR","SF","-","-","-","-","-","-","-","1.7","2.9","0","-","-","-","","","","","","1.5","4.6"
"506","Quintin Morris","TE","JAC","-","0","-","0","0","0","-","BYE","-","0","2.1","0","2.4","","","","","","0.6","4.5"
"506","Beaux Collins","WR","NYG","0","0","0","0","1.7","0","0","2.8","0","-","-","-","-","","","","","","0.5","4.5"
"508","Brenden Bates","TE","CLE","-","-","-","0","4.3","-","0","-","BYE","-","0","0","-","","","","","","0.9","4.3"
"508","Tay Martin","WR","FA","-","-","-","2.4","1.9","0","-","-","-","-","-","-","-","","","","","","1.4","4.3"
"510","Clyde Edwards-Helaire","RB","KC","-","-","-","-","-","-","-","-","0.5","BYE","-","3.7","-","","","","","","2.1","4.2"
"510","Nikko Remigio","WR","KC","0","3.1","1.1","0","0","0","0","0","0","BYE","0","0","0","","","","","","0.4","4.2"
"512","Kylen Granson","TE","PHI","1.1","1.5","0","0","0","0","0","0","BYE","0","1.4","0","0","","","","","","0.3","4"
"512","Jake Bobo","WR","SEA","-","0","0","2.7","0","0","1.3","BYE","-","-","-","0","-","","","","","","0.6","4"
"512","Tyler Goodson","RB","IND","-","-","0.6","1","-","-","-","0.2","1.8","0.4","BYE","0","0","","","","","","0.6","4"
"512","Nathan Carter","RB","ATL","-","0","2.6","-","BYE","-","-","1.4","-","-","-","-","-","","","","","","1.3","4"
"512","Jared Wayne","WR","HOU","-","-","-","-","-","BYE","-","4","-","-","-","-","-","","","","","","4","4"
"517","Tucker Fisk","TE","LAC","-","-","0","0","0","0","0","0","2.2","1.7","0","BYE","0","","","","","","0.4","3.9"
"517","Julius Chestnut","RB","TEN","0.2","0","2.6","0","0.3","0","0","0.5","0","BYE","0","0.3","0","","","","","","0.3","3.9"
"519","Colson Yankoff","TE","WAS","0","0","0","0","0","0","0","-","-","0","1.4","BYE","2.4","","","","","","0.4","3.8"
"520","Zaire Mitchell-Paden","TE","NO","0","0","0","0","1.3","0","-","-","-","2.4","BYE","0","-","","","","","","0.5","3.7"
"521","Lucas Krull","TE","DEN","1.6","0","1.9","-","-","-","-","0","-","-","-","BYE","-","","","","","","0.9","3.5"
"522","Durham Smythe","TE","CHI","0","0","0","0","BYE","0","0","0","0","0","1.8","1.4","0","","","","","","0.3","3.2"
"523","Teddy Bridgewater","QB","TB","-","-","-","-","-","-","-0.1","0","BYE","-","-0.1","3.1","-","","","","","","0.7","2.9"
"524","Tahj Brooks","RB","CIN","0","0","1.7","0","-","-","0","0","0.1","BYE","0.5","0.5","-","","","","","","0.3","2.8"
"525","David Moore","WR","CAR","0","0","1.5","1.2","-","-","-","-","-","-","-","-","-","","","","","","0.7","2.7"
"525","Darius Cooper","WR","PHI","0","0","0","-","-","-","-","0","BYE","0","0","2.7","0","","","","","","0.3","2.7"
"525","Harrison Bryant","TE","HOU","-","0","0","0","1.5","BYE","0","0","1.2","0","-","-","-","","","","","","0.3","2.7"
"528","Dameon Pierce","RB","KC","0.5","-","-","-","2.1","-","-","0","-","0","-","-","-","","","","","","0.7","2.6"
"529","Tyson Bagent","QB","CHI","-","1.8","-","-","BYE","-","-","-","0.8","-","0","-","-","","","","","","0.9","2.6"
"530","Max Brosmer","QB","MIN","-","-","1.2","-","-0.1","BYE","-","0.5","-","-","-","-","0.9","","","","","","0.6","2.5"
"530","Tim Jones","WR","JAC","0","0","-","-","-","-","-","BYE","2.5","0","-","-","-","","","","","","0.6","2.5"
"532","Dante Pettis","WR","NO","-","-","-","-","-","-","-","-","-","0","BYE","2.4","0","","","","","","0.8","2.4"
"532","Mason Kinsey","WR","TEN","-","-","-","-","-","-","0","0","0","BYE","2.4","0","-","","","","","","0.5","2.4"
"532","Blake Whiteheart","TE","CLE","0","0","0","0","0","1","1.4","0","BYE","0","-","0","0","","","","","","0.2","2.4"
"535","Mitchell Trubisky","QB","BUF","-","1","-","-","-","-","BYE","0.9","-","0.4","-","-","-","","","","","","0.8","2.3"
"536","Eric Saubert","TE","SEA","0","0","2.2","0","0","0","0","BYE","-","-","-","-","-","","","","","","0.3","2.2"
"537","Anthony Richardson Sr.","QB","IND","-","-","-0.1","-","2.3","-","-","-","-","-","BYE","-","-","","","","","","1.1","2.2"
"538","Quinn Ewers","QB","MIA","-","-","-","-","-","-","2.1","-","-","-","-","BYE","-","","","","","","2.1","2.1"
"538","Payne Durham","TE","TB","0","0","0","0","0","0","0","0","BYE","0","0","0","2.1","","","","","","0.2","2.1"
"540","Jacardia Wright","RB","SEA","-","-","2","-","-","-","-","BYE","-","-","-","-","-","","","","","","2","2"
"541","Tai Felton","WR","MIN","0","-","1.9","0","0","BYE","0","0","0","-","0","0","0","","","","","","0.2","1.9"
"541","Scotty Miller","WR","PIT","0","0","0","0","BYE","0","1.9","-","-","-","0","0","-","","","","","","0.2","1.9"
"541","Alex Bachman","WR","LV","0","0","0","-","1.9","0","0","BYE","0","0","-","0","0","","","","","","0.2","1.9"
"544","Bryce Oliver","WR","TEN","1.8","0","-","-","-","-","-","-","-","BYE","-","-","-","","","","","","0.9","1.8"
"545","Roschon Johnson","RB","CHI","-","0","0","0","BYE","0.6","1.1","-","-","-","0","-","-","","","","","","0.3","1.7"
"545","Chris Manhertz","TE","NYG","0","0","1.7","0","0","0","0","0","0","0","0","0","-","","","","","","0.1","1.7"
"547","Josiah Deguara","TE","ARI","-","0","-","-","-","-","0","BYE","0","0","0","1.6","0","","","","","","0.2","1.6"
"547","Cam Grandy","TE","CIN","-","-","1.6","0","-","-","0","-","-","BYE","-","-","-","","","","","","0.5","1.6"
"549","Zach Wilson","QB","MIA","1.6","-","-","-","-","-","-","0","-","-","-","BYE","-","","","","","","0.8","1.6"
"550","C.J. Ham","RB","MIN","-","-","-","-","0","BYE","1.5","-","-","0","0","0","0","","","","","","0.3","1.5"
"550","Evan Hull","RB","NO","-","-","-","-","-","-","-","-","-","-","BYE","-","1.5","","","","","","1.5","1.5"
"550","British Brooks","RB","HOU","-","-","-","0","1.5","BYE","0","0","0","0","-","0","0","","","","","","0.2","1.5"
"550","Ben Yurosek","TE","MIN","0","0","0","-","-","BYE","0","1.5","0","0","0","-","-","","","","","","0.2","1.5"
"550","Andre Baccellia","WR","ARI","-","-","-","-","-","-","-","BYE","-","-","1.5","0","0","","","","","","0.5","1.5"
"555","Jared Wiley","TE","KC","-","-","-","-","-","-","-","-","-","BYE","-","-","1.4","","","","","","1.4","1.4"
"555","Anthony Firkser","TE","DET","-","-","-","-","-","-","-","BYE","-","-","-","0","1.4","","","","","","0.7","1.4"
"555","Keleki Latu","TE","BUF","-","-","-","-","-","-","BYE","-","-","-","1.4","0","0","","","","","","0.5","1.4"
"558","Carter Runyon","TE","LV","-","-","-","-","0","0","1.3","BYE","0","-","0","0","0","","","","","","0.2","1.3"
"558","Anthony Gould","WR","IND","0","0","0","0","0","0","1.3","0","-","-","BYE","0","0","","","","","","0.1","1.3"
"558","Ross Dwelley","TE","DET","-","-","0","0","0","0","0","BYE","-","0","0","0","1.3","","","","","","0.1","1.3"
"561","Devin Duvernay","WR","CHI","0","0","0","0","BYE","0","0","1.2","0","0","0","0","0","","","","","","0.1","1.2"
"561","Reggie Gilliam","RB","BUF","0","0","0","0","0","0","BYE","0","0","0","0","1.2","0","","","","","","0.1","1.2"
"563","Robert Tonyan","TE","KC","0","0","0","0","0","0","0","0","0","BYE","1.1","0","0","","","","","","0.1","1.1"
"563","KeAndre Lambert-Smith","WR","LAC","0","0","-","0","0","1.1","-","-","0","-","-","BYE","-","","","","","","0.2","1.1"
"563","Jacob Saylors","RB","DET","0","0","0","1.1","0","-","0","BYE","0","-","0","0","-","","","","","","0.1","1.1"
"563","Josh Williams","RB","TB","-","-","-","-","0","-","-","1.1","BYE","-","-","-","-","","","","","","0.6","1.1"
"567","Trayveon Williams","RB","LAC","-","-","-","-","-","-","-","-","-","0","0.9","BYE","-","","","","","","0.5","0.9"
"568","Amar Johnson","RB","LAC","-","-","-","-","-","-","-","-","-","-","0.8","BYE","-","","","","","","0.8","0.8"
"569","D'Ernest Johnson","RB","NE","-","-","-","-","-","-","0","-","-","0.1","0.6","-","-","","","","","","0.2","0.7"
"570","Myles Gaskin","RB","SEA","-","-","-","-","-","-","-","BYE","-","-","-","-","0.6","","","","","","0.6","0.6"
"570","Owen Wright","RB","FA","-","-","-","-","-","0","-","-","-","-","0","0.6","-","","","","","","0.2","0.6"
"570","Michael Bandy","WR","DEN","-","-","-","-","-","-","-","-","0.6","0","-","BYE","-","","","","","","0.3","0.6"
"573","Feleipe Franks","QB","ATL","0","-","-","0","BYE","0.2","-","0","0","0","0","0.2","0","","","","","","0","0.4"
"573","Craig Reynolds","RB","NE","0","0.4","-","0","0","0","-","-","-","0","-","-","-","","","","","","0.1","0.4"
"573","Sione Vaki","RB","DET","-","-","0","-","-","-","-","BYE","0","0.4","-","-","0","","","","","","0.1","0.4"
"576","Patrick Ricard","RB","BAL","-","-","-","-","-","0","BYE","0","0","0.3","0","0","0","","","","","","0","0.3"
"577","Kendall Milton","RB","CIN","-","-","-","-","-","-","-","-","-","BYE","0.2","-","-","","","","","","0.2","0.2"
"578","Riley Leonard","QB","IND","-","-","-","-","-","-","-","0.1","-","-","BYE","-","-","","","","","","0.1","0.1"
"578","Tahj Washington","WR","MIA","-","-","-","-","0","-","-","-","0.1","0","0","BYE","-","","","","","","0","0.1"
"580","Drew Lock","QB","SEA","-","-","0.5","-","-","-","-","BYE","0","-0.4","-","-","0","","","","","","0","0.1"
"581","Joshua Dobbs","QB","NE","-","-","-","-0.2","-","-","0.3","-","-","-","-","-","-","","","","","","0","0.1"
"582","Keilan Robinson","RB","NYJ","-","-","-","-","-","-","-","-","BYE","-","-","-","0","","","","","","0","0"
"582","Jeremiah Webb","WR","NE","0","-","-","-","-","-","-","-","-","-","-","-","-","","","","","","0","0"
"582","Travis Vokolek","TE","ARI","0","0","-","-","0","-","-","BYE","-","-","-","-","-","","","","","","0","0"
"582","Raheem Blackshear","RB","FA","-","-","-","-","-","-","-","0","-","-","-","-","-","","","","","","0","0"
"582","Brandon Smith","WR","NYJ","-","-","-","-","-","-","-","0","BYE","-","-","-","-","","","","","","0","0"
"582","Jack Westover","TE","NE","0","0","0","0","0","0","0","0","0","0","0","0","-","","","","","","0","0"
"582","Eric Gray","RB","NYG","-","-","-","-","-","-","0","-","-","-","-","0","-","","","","","","0","0"
"582","Brady Russell","TE","SEA","0","0","0","0","0","0","0","BYE","0","0","0","0","0","","","","","","0","0"
"582","Jeff Wilson Jr.","RB","MIA","0","-","-","-","-","-","-","-","-","-","-","BYE","-","","","","","","0","0"
"582","Michael Burton","RB","DEN","-","-","-","-","-","-","-","0","-","-","-","BYE","-","","","","","","0","0"
"582","Ty Chandler","RB","MIN","0","-","-","-","-","BYE","-","-","-","-","-","-","-","","","","","","0","0"
"582","Chase Edmonds","RB","WAS","-","-","-","-","-","-","-","-","-","-","0","BYE","-","","","","","","0","0"
"582","Patrick Murtagh","TE","DEN","0","-","-","-","-","-","-","-","-","-","-","BYE","-","","","","","","0","0"
"582","Hayden Rucci","TE","DET","-","-","-","-","-","-","-","0","0","0","0","-","-","","","","","","0","0"
"582","Velus Jones Jr.","WR","SEA","0","-","0","0","0","-","-","BYE","-","-","-","-","-","","","","","","0","0"
"582","Princeton Fant","TE","DAL","-","-","-","-","-","-","-","-","0","BYE","-","-","-","","","","","","0","0"
"582","Chris Collier","RB","LV","-","-","-","-","-","-","-","BYE","-","-","-","0","-","","","","","","0","0"
"582","Deion Hankins","RB","CHI","-","-","-","-","BYE","-","-","-","-","-","-","0","-","","","","","","0","0"
"582","Dalen Cambre","WR","NYG","-","-","-","-","-","-","-","-","-","-","0","0","-","","","","","","0","0"
"582","Kalel Mullings","RB","TEN","-","-","-","-","-","-","-","-","-","BYE","-","0","0","","","","","","0","0"
"582","Pharaoh Brown","TE","ARI","-","-","-","-","-","-","-","BYE","-","-","0","0","0","","","","","","0","0"
"582","Britain Covey","WR","PHI","-","-","-","-","-","-","-","-","BYE","-","-","-","0","","","","","","0","0"
"582","Dan Chisena","WR","CAR","-","-","-","-","-","-","-","-","-","0","-","-","-","","","","","","0","0"
"582","Josh Johnson","QB","WAS","-","-","-","-","-","-","-","-","-","0","0","BYE","-","","","","","","0","0"
"582","Zach Horton","TE","DET","-","-","-","-","-","-","-","BYE","-","-","-","-","0","","","","","","0","0"
"582","Audric Estime","RB","NO","-","-","-","-","-","-","-","-","-","0","BYE","-","0","","","","","","0","0"
"582","Gary Brightwell","RB","CIN","-","-","-","-","-","-","-","-","-","BYE","-","0","0","","","","","","0","0"
"582","Jonathan Mingo","WR","DAL","-","-","-","-","-","-","-","-","-","BYE","-","0","-","","","","","","0","0"
"582","Ricky White III","WR","SEA","-","-","-","-","-","-","-","BYE","0","0","-","-","-","","","","","","0","0"
"582","Russell Gage Jr.","WR","FA","0","-","-","-","-","-","-","-","-","-","-","-","-","","","","","","0","0"
"582","DeAndre Carter","WR","CLE","0","0","0","0","-","-","-","-","BYE","-","-","0","-","","","","","","0","0"
"582","Nick Kallerup","TE","SEA","-","-","-","-","-","-","-","BYE","0","0","0","0","0","","","","","","0","0"
"582","Stetson Bennett IV","QB","LAR","-","-","-","-","-","-","-","BYE","0","-","-","-","-","","","","","","0","0"
"582","Elijah Mitchell","RB","KC","-","-","-","-","-","-","-","-","-","BYE","0","-","-","","","","","","0","0"
"582","Marcedes Lewis","TE","DEN","-","-","-","-","-","-","-","-","0","0","0","BYE","-","","","","","","0","0"
"582","Nikola Kalinic","TE","CHI","-","-","-","-","BYE","-","-","-","-","-","-","0","-","","","","","","0","0"
"582","Jalen Cropper","WR","DAL","-","-","0","0","0","0","-","-","-","BYE","-","-","-","","","","","","0","0"
"582","Quinton Bell","WR","MIA","-","-","-","-","-","-","0","-","-","0","-","BYE","-","","","","","","0","0"
"582","Dalevon Campbell","WR","LAC","-","-","0","0","-","-","-","-","-","-","-","BYE","-","","","","","","0","0"
"582","Moliki Matavao","TE","NO","0","0","-","0","-","-","-","-","-","-","BYE","-","-","","","","","","0","0"
"582","Jordan Mims","RB","TEN","-","0","-","-","-","-","-","-","-","BYE","-","-","-","","","","","","0","0"
"582","Brayden Willis","TE","SF","-","0","0","0","0","0","-","-","-","-","-","-","-","","","","","","0","0"
"582","Jacob Cowing","WR","SF","-","-","-","-","0","-","-","-","-","-","-","-","-","","","","","","0","0"
"582","Avery Williams","RB","FA","-","-","-","-","0","-","-","-","-","-","-","-","-","","","","","","0","0"
"582","James Winchester","TE","KC","-","0","0","-","-","-","-","-","-","BYE","-","-","-","","","","","","0","0"
"582","Jalen Brooks","WR","ARI","-","-","-","-","0","-","-","BYE","-","-","-","-","-","","","","","","0","0"
"582","Will Mallory","TE","IND","-","-","-","-","0","-","-","-","-","-","BYE","-","-","","","","","","0","0"
"582","DeeJay Dallas","RB","CAR","-","-","-","-","0","0","-","-","-","-","-","-","-","","","","","","0","0"
"582","Logan Woodside","QB","FA","-","0","0","0","-","-","-","-","-","-","-","-","-","","","","","","0","0"
"582","Khalil Herbert","RB","NYJ","-","-","-","-","0","-","-","-","BYE","-","-","-","-","","","","","","0","0"
"582","Dominic Lovett","WR","DET","-","0","0","0","0","0","-","BYE","-","0","0","-","-","","","","","","0","0"
"582","Treyton Welch","TE","NO","-","-","0","-","-","-","-","-","-","-","BYE","-","-","","","","","","0","0"
"582","Xazavian Valladay","RB","FA","-","-","0","-","-","-","-","-","-","-","-","-","-","","","","","","0","0"
"582","Sincere McCormick","RB","ARI","-","-","0","-","-","-","-","BYE","-","-","-","-","-","","","","","","0","0"
"582","Jelani Woods","TE","NYJ","-","0","-","-","-","-","-","0","BYE","-","-","-","-","","","","","","0","0"
"582","Nick Vannett","TE","LAR","-","-","-","0","0","-","-","BYE","0","-","-","-","-","","","","","","0","0"
"582","Devin Culp","TE","TB","-","-","-","0","0","0","0","0","BYE","0","0","0","0","","","","","","0","0"
"582","Jackson Meeks","WR","DET","-","-","-","0","-","-","-","BYE","-","-","0","-","-","","","","","","0","0"
"582","Kevin Austin Jr.","WR","NO","-","-","0","-","-","-","-","-","-","-","BYE","0","0","","","","","","0","0"
"582","Trey Sermon","RB","PIT","-","-","-","0","BYE","-","-","-","0","0","-","-","-","","","","","","0","0"
"582","Simi Fehoko","WR","ARI","-","-","0","0","0","0","0","BYE","0","0","-","-","-","","","","","","0","0"
"582","Kenny Yeboah","TE","FA","-","-","-","0","-","-","-","-","-","-","-","-","-","","","","","","0","0"
"582","Stone Smartt","TE","NYJ","-","-","-","0","-","0","-","-","BYE","0","-","-","0","","","","","","0","0"
"582","Malik Turner","WR","SF","-","-","0","-","0","-","0","-","-","-","-","-","-","","","","","","0","0"
"582","Jahdae Walker","WR","CHI","-","-","-","0","BYE","-","-","0","0","-","-","-","-","","","","","","0","0"
"582","Brett Rypien","QB","IND","-","-","0","-","-","-","-","-","-","-","BYE","-","-","","","","","","0","0"
"582","Kaden Davis","WR","CLE","-","-","0","-","-","-","-","-","BYE","-","0","-","-","","","","","","0","0"
"582","Jalen Royals","WR","KC","-","-","-","0","0","0","0","-","-","BYE","-","-","-","","","","","","0","0"
"582","Stephen Carlson","TE","CHI","-","-","-","0","BYE","-","-","0","-","-","-","-","-","","","","","","0","0"
"582","Cameron Latu","TE","PHI","-","0","0","0","0","0","0","0","BYE","0","0","0","0","","","","","","0","0"
"582","Jakob Johnson","RB","HOU","0","0","0","-","-","BYE","-","-","-","-","0","0","0","","","","","","0","0"
"582","Robbie Ouzts","TE","SEA","0","0","0","-","-","-","-","BYE","0","0","0","0","0","","","","","","0","0"
"582","Lew Nichols III","RB","PIT","-","-","-","-","BYE","0","-","-","0","-","-","-","-","","","","","","0","0"
"582","Thomas Fidone II","TE","NYG","-","-","-","-","-","-","0","-","0","-","-","-","-","","","","","","0","0"
"582","Parris Campbell","WR","DAL","-","-","-","-","-","0","-","-","-","BYE","-","-","-","","","","","","0","0"
"582","Kye Robichaux","RB","DET","-","-","-","-","-","-","0","BYE","-","-","-","-","-","","","","","","0","0"
"582","Ben Sims","TE","MIN","-","-","-","-","-","0","-","-","-","0","-","0","0","","","","","","0","0"
"582","Ronnie Rivers","RB","LAR","-","-","-","-","-","-","0","BYE","-","-","-","-","0","","","","","","0","0"
"582","Teagan Quitoriano","TE","ATL","0","0","0","0","BYE","0","-","0","-","0","0","0","0","","","","","","0","0"
"582","Isaac Guerendo","RB","SF","0","0","0","-","0","-","0","-","0","-","0","-","0","","","","","","0","0"
"582","Laquon Treadwell","WR","IND","-","-","-","-","-","-","0","-","-","0","BYE","0","0","","","","","","0","0"
"582","Efton Chism III","WR","NE","-","-","-","-","-","0","0","-","0","0","0","-","0","","","","","","0","0"
"582","Shane Zylstra","TE","DET","0","-","-","-","-","-","-","BYE","-","-","-","-","-","","","","","","0","0"
"582","Jason Brownlee","WR","KC","0","0","0","-","0","0","-","-","-","BYE","-","-","-","","","","","","0","0"
"582","Justin Shorter","WR","LV","0","-","0","0","-","0","0","BYE","-","-","-","-","-","","","","","","0","0"
"582","Ulysses Bentley IV","RB","IND","0","-","-","-","-","-","-","-","-","-","BYE","-","-","","","","","","0","0"
"582","Shedrick Jackson","WR","LV","-","-","-","-","-","-","0","BYE","-","-","-","-","-","","","","","","0","0"
"582","Cade McDonald","WR","FA","-","-","-","-","-","-","0","-","-","-","-","-","-","","","","","","0","0"
"582","E.J. Jenkins","TE","PHI","-","-","-","-","-","-","0","-","BYE","-","-","-","-","","","","","","0","0"
"582","Jordan James","RB","SF","-","-","0","-","-","-","-","-","-","-","-","-","-","","","","","","0","0"
"582","Ja'Corey Brooks","WR","WAS","-","-","-","-","-","0","-","-","-","-","-","BYE","-","","","","","","0","0"
"582","Ko Kieft","TE","TB","0","0","0","-","-","-","-","-","BYE","-","-","-","-","","","","","","0","0"
"674","Kedon Slovis","QB","ARI","-","-","-","-","-","-","-","BYE","-","0","-","-0.1","-","","","","","","0","-0.1"
"674","Adrian Martinez","QB","SF","-","-","-","-","-","-","-","-","-0.1","-","-","-","-","","","","","","-0.1","-0.1"
"674","Jarrett Stidham","QB","DEN","-","-","-","-","-","-","-","-0.1","-","-","-","BYE","-","","","","","","-0.1","-0.1"
"677","Derius Davis","WR","LAC","0.3","0","-1.8","-","-","-","0","0","0","1.3","0","BYE","0","","","","","","0","-0.2"
"677","Travis Homer","RB","CHI","-","-","-","-","BYE","-","0","0","0","-","-0.2","-","0","","","","","","0","-0.2"
"677","Nyheim Hines","RB","FA","-","-","-","-","-","0","0","-0.2","-","-","-","-","-","","","","","","-0.1","-0.2"
"677","Tanner McKee","QB","PHI","-","-","-","-","-","-","-","-0.2","BYE","-","-","-","-","","","","","","-0.2","-0.2"
"681","Nick Mullens","QB","JAC","-","-","-","-","-","-","-","BYE","-","-","0","-","-0.3","","","","","","-0.2","-0.3"
"681","Jimmy Garoppolo","QB","LAR","-","0","-","0","-","-","-0.3","BYE","-","-","-","-","-","","","","","","-0.1","-0.3"
"683","Kyle Allen","QB","DET","-","0","-","-0.2","-","-","-","BYE","-","-0.1","-","-","-","","","","","","-0.1","-0.3"
"684","Gardner Minshew II","QB","KC","-","-","-","-0.3","-","-","-0.3","-","-","BYE","-","-","-","","","","","","-0.3","-0.6"
"685","Xavier Gipson","WR","PHI","-2","-","-","-","-","-","0","1.3","BYE","0","0","-0.7","-","","","","","","-0.2","-1.4"
"686","Jalen Milroe","QB","SEA","0.1","-","0.3","-","-2","-","-","BYE","-","-","-","0","-","","","","","","-0.4","-1.6"
"687","Kenny Pickett","QB","LV","-","-","-","-","-","-","-1.7","BYE","-","0","-","-","-","","","","","","-0.8","-1.7"
"688","Mecole Hardman Jr.","WR","BUF","-","-","-","-","-","-","BYE","-","-","-","-2","-","-","","","","","","-2","-2"
"688","LaJohntay Wester","WR","BAL","0","0","0","0","0","0","BYE","-","0","0","-2","0","0","","","","","","-0.2","-2"
"688","Ke'Shawn Williams","WR","PIT","-","-","-","-","BYE","0","0","0","0","-2","0","0","0","","","","","","-0.3","-2"
"688","Jamal Agnew","WR","ATL","0","-","-","0","BYE","0","0","0","0","0","0","0","-2","","","","","","-0.2","-2"
"692","Myles Price","WR","MIN","0","-2","0","0","0","BYE","0","0","0","-2","0","-2","0","","","","","","-0.5","-6"
""
""